field_id,business_name,target_path,data_layer,source_document,source_location_type,source_unit,target_unit,criticality,extraction_method,target_nodes,missing_policy,conflict_policy,evidence_required,value_type,cardinality,contract_sources,node_requirement,default_or_prior,mapping_coverage,extraction_coverage,assembly_coverage,coverage_gap,notes
assessment,assessment,assessment,RUN_ASSUMPTION,run-assumption:S00_BASELINE-v1,system,,,OPTIONAL,system,,REQUIRE_EXPLICIT_RECORD_OR_DOCUMENTED_NOT_APPLICABLE,EXPLICIT_DECISION_REQUIRED,false,object,OPTIONAL_ONE,QRA_INPUT_SCHEMA,OPTIONAL_CONTRACT_FIELD,NONE,NOT_APPLICABLE_SYSTEM_INJECTION,FIELD_DICTIONARY_GAP,REVIEW_ASSEMBLY_GAP,REVIEW_ASSEMBLY_GAP,
assessment.as_of,评价基准日期,assessment.as_of,RUN_ASSUMPTION,run-assumption:S00_BASELINE-v1,system,,,IMPORTANT,system,adaptive_evidence_qra|data_inventory|indicator_coverage,REQUIRE_EXPLICIT_RECORD_OR_DOCUMENTED_NOT_APPLICABLE,EXPLICIT_DECISION_REQUIRED,false,date,OPTIONAL_ONE,FIELD_DICTIONARY,OPTIONAL_CONTRACT_FIELD,NONE,NOT_APPLICABLE_SYSTEM_INJECTION,FIELD_DICTIONARY_SUPPORTED,GENERIC_REVIEW_ASSEMBLY_SUPPORTED,NONE,工程指标governance.assessment_date；组：项目、文件与数据治理；要求：REQUIRED。
assessment.assessment_id,评价编号,assessment.assessment_id,RUN_ASSUMPTION,run-assumption:S00_BASELINE-v1,system,,,BLOCKING,system,human_qra,BLOCK_NODE_AND_REQUIRE_EXPLICIT_RUN_VALUE,EXPLICIT_DECISION_REQUIRED,false,string,OPTIONAL_ONE,FIELD_DICTIONARY|NODE_RUNTIME_REVIEW,PREFLIGHT_OR_RUNTIME_REQUIRED,NONE,NOT_APPLICABLE_SYSTEM_INJECTION,FIELD_DICTIONARY_SUPPORTED,GENERIC_REVIEW_ASSEMBLY_SUPPORTED,NONE,评价编号
assessment.convergence,收敛判据,assessment.convergence,RUN_ASSUMPTION,run-assumption:S00_BASELINE-v1,system,,,OPTIONAL,system,,REQUIRE_EXPLICIT_RECORD_OR_DOCUMENTED_NOT_APPLICABLE,EXPLICIT_DECISION_REQUIRED,false,object,OPTIONAL_ONE,NODE_RUNTIME_REVIEW,OPTIONAL_CONTRACT_FIELD,NONE,NOT_APPLICABLE_SYSTEM_INJECTION,FIELD_DICTIONARY_GAP,REVIEW_ASSEMBLY_GAP,REVIEW_ASSEMBLY_GAP,
assessment.coordinate_system,坐标系,assessment.coordinate_system,PROJECT_FACT,01_管线与管段台账.xlsx,cell,,,OPTIONAL,deterministic,,OMIT_AND_RECORD_GAP_NO_SILENT_ZERO,BLOCK_AND_REQUIRE_HUMAN_DECISION,true,string,OPTIONAL_ONE,FIELD_DICTIONARY,OPTIONAL_CONTRACT_FIELD,NONE,NOT_MAPPED,FIELD_DICTIONARY_SUPPORTED,GENERIC_REVIEW_ASSEMBLY_SUPPORTED,DETERMINISTIC_MAPPING_GAP,坐标系
assessment.criteria_set_by_domain,分域准则集,assessment.criteria_set_by_domain,RUN_ASSUMPTION,run-assumption:S00_BASELINE-v1,system,,,OPTIONAL,system,,REQUIRE_EXPLICIT_RECORD_OR_DOCUMENTED_NOT_APPLICABLE,EXPLICIT_DECISION_REQUIRED,false,object,OPTIONAL_ONE,FIELD_DICTIONARY,OPTIONAL_CONTRACT_FIELD,NONE,NOT_APPLICABLE_SYSTEM_INJECTION,FIELD_DICTIONARY_SUPPORTED,GENERIC_REVIEW_ASSEMBLY_SUPPORTED,NONE,分域准则集
assessment.enabled_consequence_domains,启用后果域,assessment.enabled_consequence_domains,RUN_ASSUMPTION,run-assumption:S00_BASELINE-v1,system,,,OPTIONAL,system,,REQUIRE_EXPLICIT_RECORD_OR_DOCUMENTED_NOT_APPLICABLE,EXPLICIT_DECISION_REQUIRED,false,array,OPTIONAL_ONE,FIELD_DICTIONARY,OPTIONAL_CONTRACT_FIELD,NONE,NOT_APPLICABLE_SYSTEM_INJECTION,FIELD_DICTIONARY_SUPPORTED,GENERIC_REVIEW_ASSEMBLY_SUPPORTED,NONE,启用后果域
assessment.failure_probability_horizon_years,失效概率时间跨度,assessment.failure_probability_horizon_years,RUN_ASSUMPTION,run-assumption:S00_BASELINE-v1,system,year,year,BLOCKING,system,failure_frequency,BLOCK_NODE_AND_REQUIRE_EXPLICIT_RUN_VALUE,EXPLICIT_DECISION_REQUIRED,false,number,OPTIONAL_ONE,NODE_RUNTIME_REVIEW,RUN_ASSUMPTION_REQUIRED_FOR_M1_5,CURRENT_CODE_DEFAULT=1.0 year; M1.5_RUN_ASSUMPTION_MUST_BE_EXPLICIT,NOT_APPLICABLE_SYSTEM_INJECTION,FIELD_DICTIONARY_GAP,REVIEW_ASSEMBLY_GAP,REVIEW_ASSEMBLY_GAP,
assessment.judgement_status_by_domain,分域判定状态,assessment.judgement_status_by_domain,RUN_ASSUMPTION,run-assumption:S00_BASELINE-v1,system,,,OPTIONAL,system,,REQUIRE_EXPLICIT_RECORD_OR_DOCUMENTED_NOT_APPLICABLE,EXPLICIT_DECISION_REQUIRED,false,object,OPTIONAL_ONE,NODE_RUNTIME_REVIEW,OPTIONAL_CONTRACT_FIELD,NONE,NOT_APPLICABLE_SYSTEM_INJECTION,FIELD_DICTIONARY_GAP,REVIEW_ASSEMBLY_GAP,REVIEW_ASSEMBLY_GAP,
assessment.leak_point_initial_spacing_m,泄漏点初始间距,assessment.leak_point_initial_spacing_m,RUN_ASSUMPTION,run-assumption:S00_BASELINE-v1,system,m,m,BLOCKING,system,human_qra|leak_point_discretization,BLOCK_NODE_AND_REQUIRE_EXPLICIT_RUN_VALUE,EXPLICIT_DECISION_REQUIRED,false,number,OPTIONAL_ONE,FIELD_DICTIONARY|NODE_RUNTIME_REVIEW,EXPLICIT_REQUIRED|PREFLIGHT_OR_RUNTIME_REQUIRED,NONE,NOT_APPLICABLE_SYSTEM_INJECTION,FIELD_DICTIONARY_SUPPORTED,GENERIC_REVIEW_ASSEMBLY_SUPPORTED,NONE,泄漏点初始间距
assessment.reference_height_m,受体参考高度,assessment.reference_height_m,RUN_ASSUMPTION,run-assumption:S00_BASELINE-v1,system,m,m,BLOCKING,system,human_qra,BLOCK_NODE_AND_REQUIRE_EXPLICIT_RUN_VALUE,EXPLICIT_DECISION_REQUIRED,false,number,OPTIONAL_ONE,NODE_RUNTIME_REVIEW,PREFLIGHT_OR_RUNTIME_REQUIRED,NONE,NOT_APPLICABLE_SYSTEM_INJECTION,FIELD_DICTIONARY_GAP,REVIEW_ASSEMBLY_GAP,REVIEW_ASSEMBLY_GAP,
damage_model,测试损伤模型,damage_model,MODEL_PARAMETER,parameter-pack:synthetic-consequence-parameters-v1,system,,,OPTIONAL,system,,BLOCK_NODE_IF_VERSIONED_PARAMETER_PACK_MISSING,VERSIONED_PACK_SELECTION_ONLY,false,object,OPTIONAL_ONE,FIELD_DICTIONARY|QRA_INPUT_SCHEMA,OPTIONAL_CONTRACT_FIELD,NONE,NOT_APPLICABLE_SYSTEM_INJECTION,FIELD_DICTIONARY_SUPPORTED,GENERIC_REVIEW_ASSEMBLY_SUPPORTED,NONE,仅用于合成测试和模型验证，不得作为客户资料抽取目标。
data_category_manifest,资料类别清单,data_category_manifest,RUN_ASSUMPTION,system-generated:source-pack-manifest-v1,system,,,IMPORTANT,system,data_inventory,REQUIRE_EXPLICIT_RECORD_OR_DOCUMENTED_NOT_APPLICABLE,EXPLICIT_DECISION_REQUIRED,false,object,OPTIONAL_ONE,FIELD_DICTIONARY|QRA_INPUT_SCHEMA|NODE_RUNTIME_REVIEW,OPTIONAL,NONE,NOT_APPLICABLE_SYSTEM_INJECTION,FIELD_DICTIONARY_SUPPORTED,GENERIC_REVIEW_ASSEMBLY_SUPPORTED,NONE,资料类别清单
engineering_indicators,engineering_indicators,engineering_indicators,PROJECT_FACT,09_现场检查扫描件.pdf,page/bbox,,,OPTIONAL,ocr,,OMIT_AND_RECORD_GAP_NO_SILENT_ZERO,BLOCK_AND_REQUIRE_HUMAN_DECISION,true,object,OPTIONAL_ONE,QRA_INPUT_SCHEMA,OPTIONAL_CONTRACT_FIELD,NONE,NOT_MAPPED,FIELD_DICTIONARY_GAP,REVIEW_ASSEMBLY_GAP,DETERMINISTIC_MAPPING_GAP|EXTRACTION_SCHEMA_GAP|REVIEW_ASSEMBLY_GAP,
engineering_indicators.catalog_id,工程指标目录编号,engineering_indicators.catalog_id,RUN_ASSUMPTION,run-assumption:S00_BASELINE-v1,system,,,IMPORTANT,system,data_inventory|indicator_coverage,REQUIRE_EXPLICIT_RECORD_OR_DOCUMENTED_NOT_APPLICABLE,EXPLICIT_DECISION_REQUIRED,false,string,OPTIONAL_ONE,FIELD_DICTIONARY|NODE_RUNTIME_REVIEW,OPTIONAL,NONE,NOT_APPLICABLE_SYSTEM_INJECTION,FIELD_DICTIONARY_SUPPORTED,GENERIC_REVIEW_ASSEMBLY_SUPPORTED,NONE,工程指标目录编号
engineering_indicators.catalog_version,工程指标目录版本,engineering_indicators.catalog_version,RUN_ASSUMPTION,run-assumption:S00_BASELINE-v1,system,,,IMPORTANT,system,indicator_coverage,REQUIRE_EXPLICIT_RECORD_OR_DOCUMENTED_NOT_APPLICABLE,EXPLICIT_DECISION_REQUIRED,false,string,OPTIONAL_ONE,FIELD_DICTIONARY|NODE_RUNTIME_REVIEW,OPTIONAL,NONE,NOT_APPLICABLE_SYSTEM_INJECTION,FIELD_DICTIONARY_SUPPORTED,GENERIC_REVIEW_ASSEMBLY_SUPPORTED,NONE,工程指标目录版本
engineering_indicators.data_classification,工程指标数据分类,engineering_indicators.data_classification,RUN_ASSUMPTION,run-assumption:S00_BASELINE-v1,system,,,OPTIONAL,system,,REQUIRE_EXPLICIT_RECORD_OR_DOCUMENTED_NOT_APPLICABLE,EXPLICIT_DECISION_REQUIRED,false,enum,OPTIONAL_ONE,NODE_RUNTIME_REVIEW,OPTIONAL_CONTRACT_FIELD,NONE,NOT_APPLICABLE_SYSTEM_INJECTION,FIELD_DICTIONARY_GAP,REVIEW_ASSEMBLY_GAP,REVIEW_ASSEMBLY_GAP,
engineering_indicators.description,工程指标说明,engineering_indicators.description,RUN_ASSUMPTION,run-assumption:S00_BASELINE-v1,system,,,OPTIONAL,system,,REQUIRE_EXPLICIT_RECORD_OR_DOCUMENTED_NOT_APPLICABLE,EXPLICIT_DECISION_REQUIRED,false,string,OPTIONAL_ONE,NODE_RUNTIME_REVIEW,OPTIONAL_CONTRACT_FIELD,NONE,NOT_APPLICABLE_SYSTEM_INJECTION,FIELD_DICTIONARY_GAP,REVIEW_ASSEMBLY_GAP,REVIEW_ASSEMBLY_GAP,
engineering_indicators.observations_by_archetype,按原型工程指标观测,engineering_indicators.observations_by_archetype,PROJECT_FACT,09_现场检查扫描件.pdf,page/bbox,,,IMPORTANT,ocr,indicator_coverage,OMIT_AND_RECORD_GAP_NO_SILENT_ZERO,BLOCK_AND_REQUIRE_HUMAN_DECISION,true,object,OPTIONAL_ONE,NODE_RUNTIME_REVIEW,OPTIONAL,NONE,NOT_MAPPED,FIELD_DICTIONARY_GAP,REVIEW_ASSEMBLY_GAP,DETERMINISTIC_MAPPING_GAP|EXTRACTION_SCHEMA_GAP|REVIEW_ASSEMBLY_GAP,
engineering_indicators.observations_by_segment,逐段工程指标观测,engineering_indicators.observations_by_segment,PROJECT_FACT,09_现场检查扫描件.pdf,page/bbox,,,IMPORTANT,ocr,indicator_coverage,OMIT_AND_RECORD_GAP_NO_SILENT_ZERO,BLOCK_AND_REQUIRE_HUMAN_DECISION,true,object,OPTIONAL_ONE,NODE_RUNTIME_REVIEW,OPTIONAL,NONE,NOT_MAPPED,FIELD_DICTIONARY_GAP,REVIEW_ASSEMBLY_GAP,DETERMINISTIC_MAPPING_GAP|EXTRACTION_SCHEMA_GAP|REVIEW_ASSEMBLY_GAP,
engineering_indicator.construction.backfill_type,回填材料类型,engineering_indicators.observations_by_segment.*.construction.backfill_type,PROJECT_FACT,09_现场检查扫描件.pdf,page/bbox,,,IMPORTANT,ocr,adaptive_evidence_qra|data_inventory|indicator_coverage,OMIT_AND_RECORD_GAP_NO_SILENT_ZERO,BLOCK_AND_REQUIRE_HUMAN_DECISION,true,string,MANY,FIELD_DICTIONARY,OPTIONAL_CONTRACT_FIELD,NONE,NOT_MAPPED,FIELD_DICTIONARY_SUPPORTED,GENERIC_REVIEW_ASSEMBLY_REQUIRES_ENTITY_CONTAINER,DETERMINISTIC_MAPPING_GAP,工程指标construction.backfill_type；组：施工、焊接与防护设施；要求：CONDITIONAL。
engineering_indicator.construction.casing_condition,套管状态,engineering_indicators.observations_by_segment.*.construction.casing_condition,PROJECT_FACT,09_现场检查扫描件.pdf,page/bbox,,,IMPORTANT,ocr,adaptive_evidence_qra|data_inventory|indicator_coverage,OMIT_AND_RECORD_GAP_NO_SILENT_ZERO,BLOCK_AND_REQUIRE_HUMAN_DECISION,true,string,MANY,FIELD_DICTIONARY,OPTIONAL_CONTRACT_FIELD,NONE,NOT_MAPPED,FIELD_DICTIONARY_SUPPORTED,GENERIC_REVIEW_ASSEMBLY_REQUIRES_ENTITY_CONTAINER,DETERMINISTIC_MAPPING_GAP,工程指标construction.casing_condition；组：施工、焊接与防护设施；要求：CONDITIONAL。
engineering_indicator.construction.casing_count_per_km,套管密度,engineering_indicators.observations_by_segment.*.construction.casing_count_per_km,PROJECT_FACT,09_现场检查扫描件.pdf,page/bbox,1/km,1/km,IMPORTANT,ocr,adaptive_evidence_qra|data_inventory|indicator_coverage,OMIT_AND_RECORD_GAP_NO_SILENT_ZERO,BLOCK_AND_REQUIRE_HUMAN_DECISION,true,number,MANY,FIELD_DICTIONARY,OPTIONAL_CONTRACT_FIELD,NONE,NOT_MAPPED,FIELD_DICTIONARY_SUPPORTED,GENERIC_REVIEW_ASSEMBLY_REQUIRES_ENTITY_CONTAINER,DETERMINISTIC_MAPPING_GAP,工程指标construction.casing_count_per_km；组：施工、焊接与防护设施；要求：CONDITIONAL。
engineering_indicator.construction.cold_bend_radius_ratio,冷弯管弯曲半径比,engineering_indicators.observations_by_segment.*.construction.cold_bend_radius_ratio,PROJECT_FACT,09_现场检查扫描件.pdf,page/bbox,,,IMPORTANT,ocr,adaptive_evidence_qra|data_inventory|indicator_coverage,OMIT_AND_RECORD_GAP_NO_SILENT_ZERO,BLOCK_AND_REQUIRE_HUMAN_DECISION,true,number,MANY,FIELD_DICTIONARY,OPTIONAL_CONTRACT_FIELD,NONE,NOT_MAPPED,FIELD_DICTIONARY_SUPPORTED,GENERIC_REVIEW_ASSEMBLY_REQUIRES_ENTITY_CONTAINER,DETERMINISTIC_MAPPING_GAP,工程指标construction.cold_bend_radius_ratio；组：施工、焊接与防护设施；要求：CONDITIONAL。
engineering_indicator.construction.concrete_slab_coverage_fraction,盖板保护覆盖率,engineering_indicators.observations_by_segment.*.construction.concrete_slab_coverage_fraction,PROJECT_FACT,09_现场检查扫描件.pdf,page/bbox,%,fraction,IMPORTANT,ocr,adaptive_evidence_qra|data_inventory|indicator_coverage,OMIT_AND_RECORD_GAP_NO_SILENT_ZERO,BLOCK_AND_REQUIRE_HUMAN_DECISION,true,number,MANY,FIELD_DICTIONARY,OPTIONAL_CONTRACT_FIELD,NONE,NOT_MAPPED,FIELD_DICTIONARY_SUPPORTED,GENERIC_REVIEW_ASSEMBLY_REQUIRES_ENTITY_CONTAINER,DETERMINISTIC_MAPPING_GAP,工程指标construction.concrete_slab_coverage_fraction；组：施工、焊接与防护设施；要求：CONDITIONAL。
engineering_indicator.construction.construction_contractor,施工单位,engineering_indicators.observations_by_segment.*.construction.construction_contractor,PROJECT_FACT,09_现场检查扫描件.pdf,page/bbox,,,IMPORTANT,ocr,adaptive_evidence_qra|data_inventory|indicator_coverage,OMIT_AND_RECORD_GAP_NO_SILENT_ZERO,BLOCK_AND_REQUIRE_HUMAN_DECISION,true,string,MANY,FIELD_DICTIONARY,OPTIONAL_CONTRACT_FIELD,NONE,NOT_MAPPED,FIELD_DICTIONARY_SUPPORTED,GENERIC_REVIEW_ASSEMBLY_REQUIRES_ENTITY_CONTAINER,DETERMINISTIC_MAPPING_GAP,工程指标construction.construction_contractor；组：施工、焊接与防护设施；要求：CONDITIONAL。
engineering_indicator.construction.construction_nonconformity_count,施工不符合项数量,engineering_indicators.observations_by_segment.*.construction.construction_nonconformity_count,PROJECT_FACT,09_现场检查扫描件.pdf,page/bbox,count,count,IMPORTANT,ocr,adaptive_evidence_qra|data_inventory|indicator_coverage,OMIT_AND_RECORD_GAP_NO_SILENT_ZERO,BLOCK_AND_REQUIRE_HUMAN_DECISION,true,integer,MANY,FIELD_DICTIONARY,OPTIONAL_CONTRACT_FIELD,NONE,NOT_MAPPED,FIELD_DICTIONARY_SUPPORTED,GENERIC_REVIEW_ASSEMBLY_REQUIRES_ENTITY_CONTAINER,DETERMINISTIC_MAPPING_GAP,工程指标construction.construction_nonconformity_count；组：施工、焊接与防护设施；要求：CONDITIONAL。
engineering_indicator.construction.field_bend_count_per_km,现场弯管密度,engineering_indicators.observations_by_segment.*.construction.field_bend_count_per_km,PROJECT_FACT,09_现场检查扫描件.pdf,page/bbox,1/km,1/km,IMPORTANT,ocr,adaptive_evidence_qra|data_inventory|indicator_coverage,OMIT_AND_RECORD_GAP_NO_SILENT_ZERO,BLOCK_AND_REQUIRE_HUMAN_DECISION,true,number,MANY,FIELD_DICTIONARY,OPTIONAL_CONTRACT_FIELD,NONE,NOT_MAPPED,FIELD_DICTIONARY_SUPPORTED,GENERIC_REVIEW_ASSEMBLY_REQUIRES_ENTITY_CONTAINER,DETERMINISTIC_MAPPING_GAP,工程指标construction.field_bend_count_per_km；组：施工、焊接与防护设施；要求：CONDITIONAL。
engineering_indicator.construction.girth_weld_count_per_km,环焊缝密度,engineering_indicators.observations_by_segment.*.construction.girth_weld_count_per_km,PROJECT_FACT,09_现场检查扫描件.pdf,page/bbox,1/km,1/km,IMPORTANT,ocr,adaptive_evidence_qra|data_inventory|indicator_coverage,OMIT_AND_RECORD_GAP_NO_SILENT_ZERO,BLOCK_AND_REQUIRE_HUMAN_DECISION,true,number,MANY,FIELD_DICTIONARY,OPTIONAL_CONTRACT_FIELD,NONE,NOT_MAPPED,FIELD_DICTIONARY_SUPPORTED,GENERIC_REVIEW_ASSEMBLY_REQUIRES_ENTITY_CONTAINER,DETERMINISTIC_MAPPING_GAP,工程指标construction.girth_weld_count_per_km；组：施工、焊接与防护设施；要求：CONDITIONAL。
engineering_indicator.construction.rock_shield_present,石方段保护层,engineering_indicators.observations_by_segment.*.construction.rock_shield_present,PROJECT_FACT,09_现场检查扫描件.pdf,page/bbox,,,IMPORTANT,ocr,adaptive_evidence_qra|data_inventory|indicator_coverage,OMIT_AND_RECORD_GAP_NO_SILENT_ZERO,BLOCK_AND_REQUIRE_HUMAN_DECISION,true,boolean,MANY,FIELD_DICTIONARY,OPTIONAL_CONTRACT_FIELD,NONE,NOT_MAPPED,FIELD_DICTIONARY_SUPPORTED,GENERIC_REVIEW_ASSEMBLY_REQUIRES_ENTITY_CONTAINER,DETERMINISTIC_MAPPING_GAP,工程指标construction.rock_shield_present；组：施工、焊接与防护设施；要求：CONDITIONAL。
engineering_indicator.construction.supervision_contractor,监理单位,engineering_indicators.observations_by_segment.*.construction.supervision_contractor,PROJECT_FACT,09_现场检查扫描件.pdf,page/bbox,,,IMPORTANT,ocr,adaptive_evidence_qra|data_inventory|indicator_coverage,OMIT_AND_RECORD_GAP_NO_SILENT_ZERO,BLOCK_AND_REQUIRE_HUMAN_DECISION,true,string,MANY,FIELD_DICTIONARY,OPTIONAL_CONTRACT_FIELD,NONE,NOT_MAPPED,FIELD_DICTIONARY_SUPPORTED,GENERIC_REVIEW_ASSEMBLY_REQUIRES_ENTITY_CONTAINER,DETERMINISTIC_MAPPING_GAP,工程指标construction.supervision_contractor；组：施工、焊接与防护设施；要求：CONDITIONAL。
engineering_indicator.construction.weld_ndt_coverage_fraction,焊缝无损检测覆盖率,engineering_indicators.observations_by_segment.*.construction.weld_ndt_coverage_fraction,PROJECT_FACT,09_现场检查扫描件.pdf,page/bbox,%,fraction,IMPORTANT,ocr,adaptive_evidence_qra|data_inventory|indicator_coverage,OMIT_AND_RECORD_GAP_NO_SILENT_ZERO,BLOCK_AND_REQUIRE_HUMAN_DECISION,true,number,MANY,FIELD_DICTIONARY,OPTIONAL_CONTRACT_FIELD,NONE,NOT_MAPPED,FIELD_DICTIONARY_SUPPORTED,GENERIC_REVIEW_ASSEMBLY_REQUIRES_ENTITY_CONTAINER,DETERMINISTIC_MAPPING_GAP,工程指标construction.weld_ndt_coverage_fraction；组：施工、焊接与防护设施；要求：CONDITIONAL。
engineering_indicator.construction.weld_reject_rate_fraction,焊口返修率,engineering_indicators.observations_by_segment.*.construction.weld_reject_rate_fraction,PROJECT_FACT,09_现场检查扫描件.pdf,page/bbox,%,fraction,IMPORTANT,ocr,adaptive_evidence_qra|data_inventory|indicator_coverage,OMIT_AND_RECORD_GAP_NO_SILENT_ZERO,BLOCK_AND_REQUIRE_HUMAN_DECISION,true,number,MANY,FIELD_DICTIONARY,OPTIONAL_CONTRACT_FIELD,NONE,NOT_MAPPED,FIELD_DICTIONARY_SUPPORTED,GENERIC_REVIEW_ASSEMBLY_REQUIRES_ENTITY_CONTAINER,DETERMINISTIC_MAPPING_GAP,工程指标construction.weld_reject_rate_fraction；组：施工、焊接与防护设施；要求：CONDITIONAL。
engineering_indicator.construction.welding_process,焊接工艺,engineering_indicators.observations_by_segment.*.construction.welding_process,PROJECT_FACT,09_现场检查扫描件.pdf,page/bbox,,,IMPORTANT,ocr,adaptive_evidence_qra|data_inventory|indicator_coverage,OMIT_AND_RECORD_GAP_NO_SILENT_ZERO,BLOCK_AND_REQUIRE_HUMAN_DECISION,true,string,MANY,FIELD_DICTIONARY,OPTIONAL_CONTRACT_FIELD,NONE,NOT_MAPPED,FIELD_DICTIONARY_SUPPORTED,GENERIC_REVIEW_ASSEMBLY_REQUIRES_ENTITY_CONTAINER,DETERMINISTIC_MAPPING_GAP,工程指标construction.welding_process；组：施工、焊接与防护设施；要求：CONDITIONAL。
engineering_indicator.external_corrosion.ac_interference_voltage_v,交流干扰电压,engineering_indicators.observations_by_segment.*.external_corrosion.ac_interference_voltage_v,PROJECT_FACT,04_CIPS与腐蚀检测.xlsx,cell,V,V,IMPORTANT,deterministic,adaptive_evidence_qra|data_inventory|indicator_coverage,OMIT_AND_RECORD_GAP_NO_SILENT_ZERO,BLOCK_AND_REQUIRE_HUMAN_DECISION,true,number,MANY,FIELD_DICTIONARY,OPTIONAL_CONTRACT_FIELD,NONE,RAW_CATEGORY_BRIDGE_AVAILABLE,FIELD_DICTIONARY_SUPPORTED,GENERIC_REVIEW_ASSEMBLY_REQUIRES_ENTITY_CONTAINER,NONE,工程指标external_corrosion.ac_interference_voltage_v；组：外腐蚀与阴极保护；要求：CONDITIONAL。
engineering_indicator.external_corrosion.coating_condition_index,防腐层状态指数,engineering_indicators.observations_by_segment.*.external_corrosion.coating_condition_index,PROJECT_FACT,04_CIPS与腐蚀检测.xlsx,cell,,,IMPORTANT,deterministic,adaptive_evidence_qra|data_inventory|indicator_coverage,OMIT_AND_RECORD_GAP_NO_SILENT_ZERO,BLOCK_AND_REQUIRE_HUMAN_DECISION,true,number,MANY,FIELD_DICTIONARY,OPTIONAL_CONTRACT_FIELD,NONE,RAW_CATEGORY_BRIDGE_AVAILABLE,FIELD_DICTIONARY_SUPPORTED,GENERIC_REVIEW_ASSEMBLY_REQUIRES_ENTITY_CONTAINER,NONE,工程指标external_corrosion.coating_condition_index；组：外腐蚀与阴极保护；要求：CONDITIONAL。
engineering_indicator.external_corrosion.coating_defect_density_per_km,防腐层缺陷密度,engineering_indicators.observations_by_segment.*.external_corrosion.coating_defect_density_per_km,PROJECT_FACT,04_CIPS与腐蚀检测.xlsx,cell,1/km,1/km,IMPORTANT,deterministic,adaptive_evidence_qra|data_inventory|indicator_coverage,OMIT_AND_RECORD_GAP_NO_SILENT_ZERO,BLOCK_AND_REQUIRE_HUMAN_DECISION,true,number,MANY,FIELD_DICTIONARY,OPTIONAL_CONTRACT_FIELD,NONE,RAW_CATEGORY_BRIDGE_AVAILABLE,FIELD_DICTIONARY_SUPPORTED,GENERIC_REVIEW_ASSEMBLY_REQUIRES_ENTITY_CONTAINER,NONE,工程指标external_corrosion.coating_defect_density_per_km；组：外腐蚀与阴极保护；要求：CONDITIONAL。
engineering_indicator.external_corrosion.coating_installation_year,防腐层安装年份,engineering_indicators.observations_by_segment.*.external_corrosion.coating_installation_year,PROJECT_FACT,04_CIPS与腐蚀检测.xlsx,cell,year,year,IMPORTANT,deterministic,adaptive_evidence_qra|data_inventory|indicator_coverage,OMIT_AND_RECORD_GAP_NO_SILENT_ZERO,BLOCK_AND_REQUIRE_HUMAN_DECISION,true,integer,MANY,FIELD_DICTIONARY,OPTIONAL_CONTRACT_FIELD,NONE,RAW_CATEGORY_BRIDGE_AVAILABLE,FIELD_DICTIONARY_SUPPORTED,GENERIC_REVIEW_ASSEMBLY_REQUIRES_ENTITY_CONTAINER,NONE,工程指标external_corrosion.coating_installation_year；组：外腐蚀与阴极保护；要求：CONDITIONAL。
engineering_indicator.external_corrosion.coating_type,外防腐层类型,engineering_indicators.observations_by_segment.*.external_corrosion.coating_type,PROJECT_FACT,04_CIPS与腐蚀检测.xlsx,cell,,,IMPORTANT,deterministic,adaptive_evidence_qra|data_inventory|indicator_coverage,OMIT_AND_RECORD_GAP_NO_SILENT_ZERO,BLOCK_AND_REQUIRE_HUMAN_DECISION,true,string,MANY,FIELD_DICTIONARY,OPTIONAL_CONTRACT_FIELD,NONE,RAW_CATEGORY_BRIDGE_AVAILABLE,FIELD_DICTIONARY_SUPPORTED,GENERIC_REVIEW_ASSEMBLY_REQUIRES_ENTITY_CONTAINER,NONE,工程指标external_corrosion.coating_type；组：外腐蚀与阴极保护；要求：REQUIRED。
engineering_indicator.external_corrosion.cp_off_potential_v,断电电位,engineering_indicators.observations_by_segment.*.external_corrosion.cp_off_potential_v,PROJECT_FACT,04_CIPS与腐蚀检测.xlsx,cell,V,V,IMPORTANT,deterministic,adaptive_evidence_qra|data_inventory|indicator_coverage,OMIT_AND_RECORD_GAP_NO_SILENT_ZERO,BLOCK_AND_REQUIRE_HUMAN_DECISION,true,number,MANY,FIELD_DICTIONARY,OPTIONAL_CONTRACT_FIELD,NONE,RAW_CATEGORY_BRIDGE_AVAILABLE,FIELD_DICTIONARY_SUPPORTED,GENERIC_REVIEW_ASSEMBLY_REQUIRES_ENTITY_CONTAINER,NONE,工程指标external_corrosion.cp_off_potential_v；组：外腐蚀与阴极保护；要求：REQUIRED。
engineering_indicator.external_corrosion.cp_on_potential_v,通电电位,engineering_indicators.observations_by_segment.*.external_corrosion.cp_on_potential_v,PROJECT_FACT,04_CIPS与腐蚀检测.xlsx,cell,V,V,IMPORTANT,deterministic,adaptive_evidence_qra|data_inventory|indicator_coverage,OMIT_AND_RECORD_GAP_NO_SILENT_ZERO,BLOCK_AND_REQUIRE_HUMAN_DECISION,true,number,MANY,FIELD_DICTIONARY,OPTIONAL_CONTRACT_FIELD,NONE,RAW_CATEGORY_BRIDGE_AVAILABLE,FIELD_DICTIONARY_SUPPORTED,GENERIC_REVIEW_ASSEMBLY_REQUIRES_ENTITY_CONTAINER,NONE,工程指标external_corrosion.cp_on_potential_v；组：外腐蚀与阴极保护；要求：CONDITIONAL。
engineering_indicator.external_corrosion.cp_out_of_range_fraction,保护电位超限比例,engineering_indicators.observations_by_segment.*.external_corrosion.cp_out_of_range_fraction,PROJECT_FACT,04_CIPS与腐蚀检测.xlsx,cell,%,fraction,IMPORTANT,deterministic,adaptive_evidence_qra|data_inventory|indicator_coverage,OMIT_AND_RECORD_GAP_NO_SILENT_ZERO,BLOCK_AND_REQUIRE_HUMAN_DECISION,true,number,MANY,FIELD_DICTIONARY,OPTIONAL_CONTRACT_FIELD,NONE,RAW_CATEGORY_BRIDGE_AVAILABLE,FIELD_DICTIONARY_SUPPORTED,GENERIC_REVIEW_ASSEMBLY_REQUIRES_ENTITY_CONTAINER,NONE,工程指标external_corrosion.cp_out_of_range_fraction；组：外腐蚀与阴极保护；要求：CONDITIONAL。
engineering_indicator.external_corrosion.cp_protection_coverage_fraction,阴极保护覆盖率,engineering_indicators.observations_by_segment.*.external_corrosion.cp_protection_coverage_fraction,PROJECT_FACT,04_CIPS与腐蚀检测.xlsx,cell,%,fraction,IMPORTANT,deterministic,adaptive_evidence_qra|data_inventory|indicator_coverage,OMIT_AND_RECORD_GAP_NO_SILENT_ZERO,BLOCK_AND_REQUIRE_HUMAN_DECISION,true,number,MANY,FIELD_DICTIONARY,OPTIONAL_CONTRACT_FIELD,NONE,RAW_CATEGORY_BRIDGE_AVAILABLE,FIELD_DICTIONARY_SUPPORTED,GENERIC_REVIEW_ASSEMBLY_REQUIRES_ENTITY_CONTAINER,NONE,工程指标external_corrosion.cp_protection_coverage_fraction；组：外腐蚀与阴极保护；要求：CONDITIONAL。
engineering_indicator.external_corrosion.cp_test_interval_days,阴保测试周期,engineering_indicators.observations_by_segment.*.external_corrosion.cp_test_interval_days,PROJECT_FACT,04_CIPS与腐蚀检测.xlsx,cell,day,day,IMPORTANT,deterministic,adaptive_evidence_qra|data_inventory|indicator_coverage,OMIT_AND_RECORD_GAP_NO_SILENT_ZERO,BLOCK_AND_REQUIRE_HUMAN_DECISION,true,number,MANY,FIELD_DICTIONARY,OPTIONAL_CONTRACT_FIELD,NONE,RAW_CATEGORY_BRIDGE_AVAILABLE,FIELD_DICTIONARY_SUPPORTED,GENERIC_REVIEW_ASSEMBLY_REQUIRES_ENTITY_CONTAINER,NONE,工程指标external_corrosion.cp_test_interval_days；组：外腐蚀与阴极保护；要求：CONDITIONAL。
engineering_indicator.external_corrosion.dcvg_acvg_severity_max,DCVG/ACVG最大严重度,engineering_indicators.observations_by_segment.*.external_corrosion.dcvg_acvg_severity_max,PROJECT_FACT,04_CIPS与腐蚀检测.xlsx,cell,,,IMPORTANT,deterministic,adaptive_evidence_qra|data_inventory|indicator_coverage,OMIT_AND_RECORD_GAP_NO_SILENT_ZERO,BLOCK_AND_REQUIRE_HUMAN_DECISION,true,number,MANY,FIELD_DICTIONARY,OPTIONAL_CONTRACT_FIELD,NONE,RAW_CATEGORY_BRIDGE_AVAILABLE,FIELD_DICTIONARY_SUPPORTED,GENERIC_REVIEW_ASSEMBLY_REQUIRES_ENTITY_CONTAINER,NONE,工程指标external_corrosion.dcvg_acvg_severity_max；组：外腐蚀与阴极保护；要求：CONDITIONAL。
engineering_indicator.external_corrosion.soil_chloride_mg_kg,土壤氯离子,engineering_indicators.observations_by_segment.*.external_corrosion.soil_chloride_mg_kg,PROJECT_FACT,04_CIPS与腐蚀检测.xlsx,cell,mg/kg,mg/kg,IMPORTANT,deterministic,adaptive_evidence_qra|data_inventory|indicator_coverage,OMIT_AND_RECORD_GAP_NO_SILENT_ZERO,BLOCK_AND_REQUIRE_HUMAN_DECISION,true,number,MANY,FIELD_DICTIONARY,OPTIONAL_CONTRACT_FIELD,NONE,RAW_CATEGORY_BRIDGE_AVAILABLE,FIELD_DICTIONARY_SUPPORTED,GENERIC_REVIEW_ASSEMBLY_REQUIRES_ENTITY_CONTAINER,NONE,工程指标external_corrosion.soil_chloride_mg_kg；组：外腐蚀与阴极保护；要求：CONDITIONAL。
engineering_indicator.external_corrosion.soil_moisture_fraction,土壤含水率,engineering_indicators.observations_by_segment.*.external_corrosion.soil_moisture_fraction,PROJECT_FACT,04_CIPS与腐蚀检测.xlsx,cell,%,fraction,IMPORTANT,deterministic,adaptive_evidence_qra|data_inventory|indicator_coverage,OMIT_AND_RECORD_GAP_NO_SILENT_ZERO,BLOCK_AND_REQUIRE_HUMAN_DECISION,true,number,MANY,FIELD_DICTIONARY,OPTIONAL_CONTRACT_FIELD,NONE,RAW_CATEGORY_BRIDGE_AVAILABLE,FIELD_DICTIONARY_SUPPORTED,GENERIC_REVIEW_ASSEMBLY_REQUIRES_ENTITY_CONTAINER,NONE,工程指标external_corrosion.soil_moisture_fraction；组：外腐蚀与阴极保护；要求：CONDITIONAL。
engineering_indicator.external_corrosion.soil_ph,土壤pH,engineering_indicators.observations_by_segment.*.external_corrosion.soil_ph,PROJECT_FACT,04_CIPS与腐蚀检测.xlsx,cell,,,IMPORTANT,deterministic,adaptive_evidence_qra|data_inventory|indicator_coverage,OMIT_AND_RECORD_GAP_NO_SILENT_ZERO,BLOCK_AND_REQUIRE_HUMAN_DECISION,true,number,MANY,FIELD_DICTIONARY,OPTIONAL_CONTRACT_FIELD,NONE,RAW_CATEGORY_BRIDGE_AVAILABLE,FIELD_DICTIONARY_SUPPORTED,GENERIC_REVIEW_ASSEMBLY_REQUIRES_ENTITY_CONTAINER,NONE,工程指标external_corrosion.soil_ph；组：外腐蚀与阴极保护；要求：CONDITIONAL。
engineering_indicator.external_corrosion.soil_resistivity_ohm_m,土壤电阻率,engineering_indicators.observations_by_segment.*.external_corrosion.soil_resistivity_ohm_m,PROJECT_FACT,04_CIPS与腐蚀检测.xlsx,cell,ohm*m,ohm*m,IMPORTANT,deterministic,adaptive_evidence_qra|data_inventory|indicator_coverage,OMIT_AND_RECORD_GAP_NO_SILENT_ZERO,BLOCK_AND_REQUIRE_HUMAN_DECISION,true,number,MANY,FIELD_DICTIONARY,OPTIONAL_CONTRACT_FIELD,NONE,RAW_CATEGORY_BRIDGE_AVAILABLE,FIELD_DICTIONARY_SUPPORTED,GENERIC_REVIEW_ASSEMBLY_REQUIRES_ENTITY_CONTAINER,NONE,工程指标external_corrosion.soil_resistivity_ohm_m；组：外腐蚀与阴极保护；要求：REQUIRED。
engineering_indicator.external_corrosion.stray_current_detected,杂散电流存在,engineering_indicators.observations_by_segment.*.external_corrosion.stray_current_detected,PROJECT_FACT,04_CIPS与腐蚀检测.xlsx,cell,,,IMPORTANT,deterministic,adaptive_evidence_qra|data_inventory|indicator_coverage,OMIT_AND_RECORD_GAP_NO_SILENT_ZERO,BLOCK_AND_REQUIRE_HUMAN_DECISION,true,boolean,MANY,FIELD_DICTIONARY,OPTIONAL_CONTRACT_FIELD,NONE,RAW_CATEGORY_BRIDGE_AVAILABLE,FIELD_DICTIONARY_SUPPORTED,GENERIC_REVIEW_ASSEMBLY_REQUIRES_ENTITY_CONTAINER,NONE,工程指标external_corrosion.stray_current_detected；组：外腐蚀与阴极保护；要求：CONDITIONAL。
engineering_indicator.geohazard.debris_flow_susceptibility_index,泥石流易发性指数,engineering_indicators.observations_by_segment.*.geohazard.debris_flow_susceptibility_index,PROJECT_FACT,06_第三方与巡线记录.xlsx,cell,,,IMPORTANT,deterministic,adaptive_evidence_qra|data_inventory|indicator_coverage,OMIT_AND_RECORD_GAP_NO_SILENT_ZERO,BLOCK_AND_REQUIRE_HUMAN_DECISION,true,number,MANY,FIELD_DICTIONARY,OPTIONAL_CONTRACT_FIELD,NONE,NOT_MAPPED,FIELD_DICTIONARY_SUPPORTED,GENERIC_REVIEW_ASSEMBLY_REQUIRES_ENTITY_CONTAINER,DETERMINISTIC_MAPPING_GAP,工程指标geohazard.debris_flow_susceptibility_index；组：自然与地质灾害；要求：CONDITIONAL。
engineering_indicator.geohazard.fault_crossing_present,活动断层穿越,engineering_indicators.observations_by_segment.*.geohazard.fault_crossing_present,PROJECT_FACT,06_第三方与巡线记录.xlsx,cell,,,IMPORTANT,deterministic,adaptive_evidence_qra|data_inventory|indicator_coverage,OMIT_AND_RECORD_GAP_NO_SILENT_ZERO,BLOCK_AND_REQUIRE_HUMAN_DECISION,true,boolean,MANY,FIELD_DICTIONARY,OPTIONAL_CONTRACT_FIELD,NONE,NOT_MAPPED,FIELD_DICTIONARY_SUPPORTED,GENERIC_REVIEW_ASSEMBLY_REQUIRES_ENTITY_CONTAINER,DETERMINISTIC_MAPPING_GAP,工程指标geohazard.fault_crossing_present；组：自然与地质灾害；要求：CONDITIONAL。
engineering_indicator.geohazard.flood_frequency_per_year,洪水年发生频率,engineering_indicators.observations_by_segment.*.geohazard.flood_frequency_per_year,PROJECT_FACT,06_第三方与巡线记录.xlsx,cell,1/year,1/year,IMPORTANT,deterministic,adaptive_evidence_qra|data_inventory|indicator_coverage,OMIT_AND_RECORD_GAP_NO_SILENT_ZERO,BLOCK_AND_REQUIRE_HUMAN_DECISION,true,number,MANY,FIELD_DICTIONARY,OPTIONAL_CONTRACT_FIELD,NONE,NOT_MAPPED,FIELD_DICTIONARY_SUPPORTED,GENERIC_REVIEW_ASSEMBLY_REQUIRES_ENTITY_CONTAINER,DETERMINISTIC_MAPPING_GAP,工程指标geohazard.flood_frequency_per_year；组：自然与地质灾害；要求：CONDITIONAL。
engineering_indicator.geohazard.geohazard_failure_history_count,地质灾害历史失效次数,engineering_indicators.observations_by_segment.*.geohazard.geohazard_failure_history_count,PROJECT_FACT,06_第三方与巡线记录.xlsx,cell,count,count,IMPORTANT,deterministic,adaptive_evidence_qra|data_inventory|indicator_coverage,OMIT_AND_RECORD_GAP_NO_SILENT_ZERO,BLOCK_AND_REQUIRE_HUMAN_DECISION,true,integer,MANY,FIELD_DICTIONARY,OPTIONAL_CONTRACT_FIELD,NONE,NOT_MAPPED,FIELD_DICTIONARY_SUPPORTED,GENERIC_REVIEW_ASSEMBLY_REQUIRES_ENTITY_CONTAINER,DETERMINISTIC_MAPPING_GAP,工程指标geohazard.geohazard_failure_history_count；组：自然与地质灾害；要求：CONDITIONAL。
engineering_indicator.geohazard.geohazard_mitigation_condition,灾害治理工程状态,engineering_indicators.observations_by_segment.*.geohazard.geohazard_mitigation_condition,PROJECT_FACT,06_第三方与巡线记录.xlsx,cell,,,IMPORTANT,deterministic,adaptive_evidence_qra|data_inventory|indicator_coverage,OMIT_AND_RECORD_GAP_NO_SILENT_ZERO,BLOCK_AND_REQUIRE_HUMAN_DECISION,true,string,MANY,FIELD_DICTIONARY,OPTIONAL_CONTRACT_FIELD,NONE,NOT_MAPPED,FIELD_DICTIONARY_SUPPORTED,GENERIC_REVIEW_ASSEMBLY_REQUIRES_ENTITY_CONTAINER,DETERMINISTIC_MAPPING_GAP,工程指标geohazard.geohazard_mitigation_condition；组：自然与地质灾害；要求：CONDITIONAL。
engineering_indicator.geohazard.geohazard_monitoring_coverage_fraction,灾害监测覆盖率,engineering_indicators.observations_by_segment.*.geohazard.geohazard_monitoring_coverage_fraction,PROJECT_FACT,06_第三方与巡线记录.xlsx,cell,%,fraction,IMPORTANT,deterministic,adaptive_evidence_qra|data_inventory|indicator_coverage,OMIT_AND_RECORD_GAP_NO_SILENT_ZERO,BLOCK_AND_REQUIRE_HUMAN_DECISION,true,number,MANY,FIELD_DICTIONARY,OPTIONAL_CONTRACT_FIELD,NONE,NOT_MAPPED,FIELD_DICTIONARY_SUPPORTED,GENERIC_REVIEW_ASSEMBLY_REQUIRES_ENTITY_CONTAINER,DETERMINISTIC_MAPPING_GAP,工程指标geohazard.geohazard_monitoring_coverage_fraction；组：自然与地质灾害；要求：CONDITIONAL。
engineering_indicator.geohazard.landslide_displacement_rate_mm_year,滑坡位移速率,engineering_indicators.observations_by_segment.*.geohazard.landslide_displacement_rate_mm_year,PROJECT_FACT,06_第三方与巡线记录.xlsx,cell,mm/year,mm/year,IMPORTANT,deterministic,adaptive_evidence_qra|data_inventory|indicator_coverage,OMIT_AND_RECORD_GAP_NO_SILENT_ZERO,BLOCK_AND_REQUIRE_HUMAN_DECISION,true,number,MANY,FIELD_DICTIONARY,OPTIONAL_CONTRACT_FIELD,NONE,NOT_MAPPED,FIELD_DICTIONARY_SUPPORTED,GENERIC_REVIEW_ASSEMBLY_REQUIRES_ENTITY_CONTAINER,DETERMINISTIC_MAPPING_GAP,工程指标geohazard.landslide_displacement_rate_mm_year；组：自然与地质灾害；要求：CONDITIONAL。
engineering_indicator.geohazard.landslide_susceptibility_index,滑坡易发性指数,engineering_indicators.observations_by_segment.*.geohazard.landslide_susceptibility_index,PROJECT_FACT,06_第三方与巡线记录.xlsx,cell,,,IMPORTANT,deterministic,adaptive_evidence_qra|data_inventory|indicator_coverage,OMIT_AND_RECORD_GAP_NO_SILENT_ZERO,BLOCK_AND_REQUIRE_HUMAN_DECISION,true,number,MANY,FIELD_DICTIONARY,OPTIONAL_CONTRACT_FIELD,NONE,NOT_MAPPED,FIELD_DICTIONARY_SUPPORTED,GENERIC_REVIEW_ASSEMBLY_REQUIRES_ENTITY_CONTAINER,DETERMINISTIC_MAPPING_GAP,工程指标geohazard.landslide_susceptibility_index；组：自然与地质灾害；要求：CONDITIONAL。
engineering_indicator.geohazard.liquefaction_susceptibility_index,液化易发性指数,engineering_indicators.observations_by_segment.*.geohazard.liquefaction_susceptibility_index,PROJECT_FACT,06_第三方与巡线记录.xlsx,cell,,,IMPORTANT,deterministic,adaptive_evidence_qra|data_inventory|indicator_coverage,OMIT_AND_RECORD_GAP_NO_SILENT_ZERO,BLOCK_AND_REQUIRE_HUMAN_DECISION,true,number,MANY,FIELD_DICTIONARY,OPTIONAL_CONTRACT_FIELD,NONE,NOT_MAPPED,FIELD_DICTIONARY_SUPPORTED,GENERIC_REVIEW_ASSEMBLY_REQUIRES_ENTITY_CONTAINER,DETERMINISTIC_MAPPING_GAP,工程指标geohazard.liquefaction_susceptibility_index；组：自然与地质灾害；要求：CONDITIONAL。
engineering_indicator.geohazard.maximum_scour_depth_m,最大冲刷深度,engineering_indicators.observations_by_segment.*.geohazard.maximum_scour_depth_m,PROJECT_FACT,06_第三方与巡线记录.xlsx,cell,m,m,IMPORTANT,deterministic,adaptive_evidence_qra|data_inventory|indicator_coverage,OMIT_AND_RECORD_GAP_NO_SILENT_ZERO,BLOCK_AND_REQUIRE_HUMAN_DECISION,true,number,MANY,FIELD_DICTIONARY,OPTIONAL_CONTRACT_FIELD,NONE,NOT_MAPPED,FIELD_DICTIONARY_SUPPORTED,GENERIC_REVIEW_ASSEMBLY_REQUIRES_ENTITY_CONTAINER,DETERMINISTIC_MAPPING_GAP,工程指标geohazard.maximum_scour_depth_m；组：自然与地质灾害；要求：CONDITIONAL。
engineering_indicator.geohazard.permafrost_thaw_settlement_rate,冻土融沉速率,engineering_indicators.observations_by_segment.*.geohazard.permafrost_thaw_settlement_rate,PROJECT_FACT,06_第三方与巡线记录.xlsx,cell,mm/year,mm/year,IMPORTANT,deterministic,adaptive_evidence_qra|data_inventory|indicator_coverage,OMIT_AND_RECORD_GAP_NO_SILENT_ZERO,BLOCK_AND_REQUIRE_HUMAN_DECISION,true,number,MANY,FIELD_DICTIONARY,OPTIONAL_CONTRACT_FIELD,NONE,NOT_MAPPED,FIELD_DICTIONARY_SUPPORTED,GENERIC_REVIEW_ASSEMBLY_REQUIRES_ENTITY_CONTAINER,DETERMINISTIC_MAPPING_GAP,工程指标geohazard.permafrost_thaw_settlement_rate；组：自然与地质灾害；要求：CONDITIONAL。
engineering_indicator.geohazard.river_migration_rate_m_year,河道摆动速率,engineering_indicators.observations_by_segment.*.geohazard.river_migration_rate_m_year,PROJECT_FACT,06_第三方与巡线记录.xlsx,cell,m/year,m/year,IMPORTANT,deterministic,adaptive_evidence_qra|data_inventory|indicator_coverage,OMIT_AND_RECORD_GAP_NO_SILENT_ZERO,BLOCK_AND_REQUIRE_HUMAN_DECISION,true,number,MANY,FIELD_DICTIONARY,OPTIONAL_CONTRACT_FIELD,NONE,NOT_MAPPED,FIELD_DICTIONARY_SUPPORTED,GENERIC_REVIEW_ASSEMBLY_REQUIRES_ENTITY_CONTAINER,DETERMINISTIC_MAPPING_GAP,工程指标geohazard.river_migration_rate_m_year；组：自然与地质灾害；要求：CONDITIONAL。
engineering_indicator.geohazard.seismic_peak_ground_acceleration_g,峰值地震加速度,engineering_indicators.observations_by_segment.*.geohazard.seismic_peak_ground_acceleration_g,PROJECT_FACT,06_第三方与巡线记录.xlsx,cell,g,g,IMPORTANT,deterministic,adaptive_evidence_qra|data_inventory|indicator_coverage,OMIT_AND_RECORD_GAP_NO_SILENT_ZERO,BLOCK_AND_REQUIRE_HUMAN_DECISION,true,number,MANY,FIELD_DICTIONARY,OPTIONAL_CONTRACT_FIELD,NONE,NOT_MAPPED,FIELD_DICTIONARY_SUPPORTED,GENERIC_REVIEW_ASSEMBLY_REQUIRES_ENTITY_CONTAINER,DETERMINISTIC_MAPPING_GAP,工程指标geohazard.seismic_peak_ground_acceleration_g；组：自然与地质灾害；要求：CONDITIONAL。
engineering_indicator.geohazard.slope_angle_deg,坡度,engineering_indicators.observations_by_segment.*.geohazard.slope_angle_deg,PROJECT_FACT,06_第三方与巡线记录.xlsx,cell,deg,deg,IMPORTANT,deterministic,adaptive_evidence_qra|data_inventory|indicator_coverage,OMIT_AND_RECORD_GAP_NO_SILENT_ZERO,BLOCK_AND_REQUIRE_HUMAN_DECISION,true,number,MANY,FIELD_DICTIONARY,OPTIONAL_CONTRACT_FIELD,NONE,NOT_MAPPED,FIELD_DICTIONARY_SUPPORTED,GENERIC_REVIEW_ASSEMBLY_REQUIRES_ENTITY_CONTAINER,DETERMINISTIC_MAPPING_GAP,工程指标geohazard.slope_angle_deg；组：自然与地质灾害；要求：CONDITIONAL。
engineering_indicator.geohazard.subsidence_rate_mm_year,地面沉降速率,engineering_indicators.observations_by_segment.*.geohazard.subsidence_rate_mm_year,PROJECT_FACT,06_第三方与巡线记录.xlsx,cell,mm/year,mm/year,IMPORTANT,deterministic,adaptive_evidence_qra|data_inventory|indicator_coverage,OMIT_AND_RECORD_GAP_NO_SILENT_ZERO,BLOCK_AND_REQUIRE_HUMAN_DECISION,true,number,MANY,FIELD_DICTIONARY,OPTIONAL_CONTRACT_FIELD,NONE,NOT_MAPPED,FIELD_DICTIONARY_SUPPORTED,GENERIC_REVIEW_ASSEMBLY_REQUIRES_ENTITY_CONTAINER,DETERMINISTIC_MAPPING_GAP,工程指标geohazard.subsidence_rate_mm_year；组：自然与地质灾害；要求：CONDITIONAL。
engineering_indicator.geohazard.terrain_type,地形地貌类型,engineering_indicators.observations_by_segment.*.geohazard.terrain_type,PROJECT_FACT,06_第三方与巡线记录.xlsx,cell,,,IMPORTANT,deterministic,adaptive_evidence_qra|data_inventory|indicator_coverage,OMIT_AND_RECORD_GAP_NO_SILENT_ZERO,BLOCK_AND_REQUIRE_HUMAN_DECISION,true,string,MANY,FIELD_DICTIONARY,OPTIONAL_CONTRACT_FIELD,NONE,NOT_MAPPED,FIELD_DICTIONARY_SUPPORTED,GENERIC_REVIEW_ASSEMBLY_REQUIRES_ENTITY_CONTAINER,DETERMINISTIC_MAPPING_GAP,工程指标geohazard.terrain_type；组：自然与地质灾害；要求：REQUIRED。
engineering_indicator.geometry_material.design_factor,设计系数,engineering_indicators.observations_by_segment.*.geometry_material.design_factor,PROJECT_FACT,01_管线与管段台账.xlsx,cell,,,IMPORTANT,deterministic,adaptive_evidence_qra|data_inventory|indicator_coverage,OMIT_AND_RECORD_GAP_NO_SILENT_ZERO,BLOCK_AND_REQUIRE_HUMAN_DECISION,true,number,MANY,FIELD_DICTIONARY,OPTIONAL_CONTRACT_FIELD,NONE,NOT_MAPPED,FIELD_DICTIONARY_SUPPORTED,GENERIC_REVIEW_ASSEMBLY_REQUIRES_ENTITY_CONTAINER,DETERMINISTIC_MAPPING_GAP,工程指标geometry_material.design_factor；组：管道几何、材料与设计；要求：CONDITIONAL。
engineering_indicator.geometry_material.elevation_profile,高程剖面,engineering_indicators.observations_by_segment.*.geometry_material.elevation_profile,PROJECT_FACT,01_管线与管段台账.xlsx,cell,m,m,IMPORTANT,deterministic,adaptive_evidence_qra|data_inventory|indicator_coverage,OMIT_AND_RECORD_GAP_NO_SILENT_ZERO,BLOCK_AND_REQUIRE_HUMAN_DECISION,true,array,MANY,FIELD_DICTIONARY,OPTIONAL_CONTRACT_FIELD,NONE,NOT_MAPPED,FIELD_DICTIONARY_SUPPORTED,GENERIC_REVIEW_ASSEMBLY_REQUIRES_ENTITY_CONTAINER,DETERMINISTIC_MAPPING_GAP,工程指标geometry_material.elevation_profile；组：管道几何、材料与设计；要求：CONDITIONAL。
engineering_indicator.geometry_material.fracture_toughness,断裂韧度,engineering_indicators.observations_by_segment.*.geometry_material.fracture_toughness,PROJECT_FACT,01_管线与管段台账.xlsx,cell,MPa√m,MPa√m,IMPORTANT,deterministic,adaptive_evidence_qra|data_inventory|indicator_coverage,OMIT_AND_RECORD_GAP_NO_SILENT_ZERO,BLOCK_AND_REQUIRE_HUMAN_DECISION,true,number,MANY,FIELD_DICTIONARY,OPTIONAL_CONTRACT_FIELD,NONE,NOT_MAPPED,FIELD_DICTIONARY_SUPPORTED,GENERIC_REVIEW_ASSEMBLY_REQUIRES_ENTITY_CONTAINER,DETERMINISTIC_MAPPING_GAP,工程指标geometry_material.fracture_toughness；组：管道几何、材料与设计；要求：CONDITIONAL。
engineering_indicator.geometry_material.measured_wall_thickness_mm,实测最小壁厚,engineering_indicators.observations_by_segment.*.geometry_material.measured_wall_thickness_mm,PROJECT_FACT,01_管线与管段台账.xlsx,cell,mm,mm,IMPORTANT,deterministic,adaptive_evidence_qra|data_inventory|indicator_coverage,OMIT_AND_RECORD_GAP_NO_SILENT_ZERO,BLOCK_AND_REQUIRE_HUMAN_DECISION,true,number,MANY,FIELD_DICTIONARY,OPTIONAL_CONTRACT_FIELD,NONE,NOT_MAPPED,FIELD_DICTIONARY_SUPPORTED,GENERIC_REVIEW_ASSEMBLY_REQUIRES_ENTITY_CONTAINER,DETERMINISTIC_MAPPING_GAP,工程指标geometry_material.measured_wall_thickness_mm；组：管道几何、材料与设计；要求：CONDITIONAL。
engineering_indicator.geometry_material.poisson_ratio,泊松比,engineering_indicators.observations_by_segment.*.geometry_material.poisson_ratio,PROJECT_FACT,01_管线与管段台账.xlsx,cell,,,IMPORTANT,deterministic,adaptive_evidence_qra|data_inventory|indicator_coverage,OMIT_AND_RECORD_GAP_NO_SILENT_ZERO,BLOCK_AND_REQUIRE_HUMAN_DECISION,true,number,MANY,FIELD_DICTIONARY,OPTIONAL_CONTRACT_FIELD,NONE,NOT_MAPPED,FIELD_DICTIONARY_SUPPORTED,GENERIC_REVIEW_ASSEMBLY_REQUIRES_ENTITY_CONTAINER,DETERMINISTIC_MAPPING_GAP,工程指标geometry_material.poisson_ratio；组：管道几何、材料与设计；要求：CONDITIONAL。
engineering_indicator.geometry_material.seam_type,制管焊缝类型,engineering_indicators.observations_by_segment.*.geometry_material.seam_type,PROJECT_FACT,01_管线与管段台账.xlsx,cell,,,IMPORTANT,deterministic,adaptive_evidence_qra|data_inventory|indicator_coverage,OMIT_AND_RECORD_GAP_NO_SILENT_ZERO,BLOCK_AND_REQUIRE_HUMAN_DECISION,true,string,MANY,FIELD_DICTIONARY,OPTIONAL_CONTRACT_FIELD,NONE,NOT_MAPPED,FIELD_DICTIONARY_SUPPORTED,GENERIC_REVIEW_ASSEMBLY_REQUIRES_ENTITY_CONTAINER,DETERMINISTIC_MAPPING_GAP,工程指标geometry_material.seam_type；组：管道几何、材料与设计；要求：REQUIRED。
engineering_indicator.geometry_material.smts_mpa,规定最小抗拉强度,engineering_indicators.observations_by_segment.*.geometry_material.smts_mpa,PROJECT_FACT,01_管线与管段台账.xlsx,cell,MPa,MPa,IMPORTANT,deterministic,adaptive_evidence_qra|data_inventory|indicator_coverage,OMIT_AND_RECORD_GAP_NO_SILENT_ZERO,BLOCK_AND_REQUIRE_HUMAN_DECISION,true,number,MANY,FIELD_DICTIONARY,OPTIONAL_CONTRACT_FIELD,NONE,NOT_MAPPED,FIELD_DICTIONARY_SUPPORTED,GENERIC_REVIEW_ASSEMBLY_REQUIRES_ENTITY_CONTAINER,DETERMINISTIC_MAPPING_GAP,工程指标geometry_material.smts_mpa；组：管道几何、材料与设计；要求：CONDITIONAL。
engineering_indicator.geometry_material.smys_mpa,规定最小屈服强度,engineering_indicators.observations_by_segment.*.geometry_material.smys_mpa,PROJECT_FACT,01_管线与管段台账.xlsx,cell,MPa,MPa,IMPORTANT,deterministic,adaptive_evidence_qra|data_inventory|indicator_coverage,OMIT_AND_RECORD_GAP_NO_SILENT_ZERO,BLOCK_AND_REQUIRE_HUMAN_DECISION,true,number,MANY,FIELD_DICTIONARY,OPTIONAL_CONTRACT_FIELD,NONE,NOT_MAPPED,FIELD_DICTIONARY_SUPPORTED,GENERIC_REVIEW_ASSEMBLY_REQUIRES_ENTITY_CONTAINER,DETERMINISTIC_MAPPING_GAP,工程指标geometry_material.smys_mpa；组：管道几何、材料与设计；要求：CONDITIONAL。
engineering_indicator.geometry_material.youngs_modulus_mpa,弹性模量,engineering_indicators.observations_by_segment.*.geometry_material.youngs_modulus_mpa,PROJECT_FACT,01_管线与管段台账.xlsx,cell,MPa,MPa,IMPORTANT,deterministic,adaptive_evidence_qra|data_inventory|indicator_coverage,OMIT_AND_RECORD_GAP_NO_SILENT_ZERO,BLOCK_AND_REQUIRE_HUMAN_DECISION,true,number,MANY,FIELD_DICTIONARY,OPTIONAL_CONTRACT_FIELD,NONE,NOT_MAPPED,FIELD_DICTIONARY_SUPPORTED,GENERIC_REVIEW_ASSEMBLY_REQUIRES_ENTITY_CONTAINER,DETERMINISTIC_MAPPING_GAP,工程指标geometry_material.youngs_modulus_mpa；组：管道几何、材料与设计；要求：CONDITIONAL。
engineering_indicator.ignition_congestion.area_ignition_source_area_m2,点火面源面积,engineering_indicators.observations_by_segment.*.ignition_congestion.area_ignition_source_area_m2,PROJECT_FACT,10_现场照片说明.png,bbox,m2,m2,IMPORTANT,ocr,adaptive_evidence_qra|data_inventory|indicator_coverage,OMIT_AND_RECORD_GAP_NO_SILENT_ZERO,BLOCK_AND_REQUIRE_HUMAN_DECISION,true,number,MANY,FIELD_DICTIONARY,OPTIONAL_CONTRACT_FIELD,NONE,NOT_MAPPED,FIELD_DICTIONARY_SUPPORTED,GENERIC_REVIEW_ASSEMBLY_REQUIRES_ENTITY_CONTAINER,DETERMINISTIC_MAPPING_GAP,工程指标ignition_congestion.area_ignition_source_area_m2；组：点火源、约束与拥塞；要求：CONDITIONAL。
engineering_indicator.ignition_congestion.cloud_exposure_time_s,气云经过点火源时间,engineering_indicators.observations_by_segment.*.ignition_congestion.cloud_exposure_time_s,PROJECT_FACT,10_现场照片说明.png,bbox,s,s,IMPORTANT,ocr,adaptive_evidence_qra|data_inventory|indicator_coverage,OMIT_AND_RECORD_GAP_NO_SILENT_ZERO,BLOCK_AND_REQUIRE_HUMAN_DECISION,true,number,MANY,FIELD_DICTIONARY,OPTIONAL_CONTRACT_FIELD,NONE,NOT_MAPPED,FIELD_DICTIONARY_SUPPORTED,GENERIC_REVIEW_ASSEMBLY_REQUIRES_ENTITY_CONTAINER,DETERMINISTIC_MAPPING_GAP,工程指标ignition_congestion.cloud_exposure_time_s；组：点火源、约束与拥塞；要求：CONDITIONAL。
engineering_indicator.ignition_congestion.confinement_fraction,约束率,engineering_indicators.observations_by_segment.*.ignition_congestion.confinement_fraction,PROJECT_FACT,10_现场照片说明.png,bbox,%,fraction,IMPORTANT,ocr,adaptive_evidence_qra|data_inventory|indicator_coverage,OMIT_AND_RECORD_GAP_NO_SILENT_ZERO,BLOCK_AND_REQUIRE_HUMAN_DECISION,true,number,MANY,FIELD_DICTIONARY,OPTIONAL_CONTRACT_FIELD,NONE,NOT_MAPPED,FIELD_DICTIONARY_SUPPORTED,GENERIC_REVIEW_ASSEMBLY_REQUIRES_ENTITY_CONTAINER,DETERMINISTIC_MAPPING_GAP,工程指标ignition_congestion.confinement_fraction；组：点火源、约束与拥塞；要求：CONDITIONAL。
engineering_indicator.ignition_congestion.congestion_fraction,拥塞率,engineering_indicators.observations_by_segment.*.ignition_congestion.congestion_fraction,PROJECT_FACT,10_现场照片说明.png,bbox,%,fraction,IMPORTANT,ocr,adaptive_evidence_qra|data_inventory|indicator_coverage,OMIT_AND_RECORD_GAP_NO_SILENT_ZERO,BLOCK_AND_REQUIRE_HUMAN_DECISION,true,number,MANY,FIELD_DICTIONARY,OPTIONAL_CONTRACT_FIELD,NONE,NOT_MAPPED,FIELD_DICTIONARY_SUPPORTED,GENERIC_REVIEW_ASSEMBLY_REQUIRES_ENTITY_CONTAINER,DETERMINISTIC_MAPPING_GAP,工程指标ignition_congestion.congestion_fraction；组：点火源、约束与拥塞；要求：CONDITIONAL。
engineering_indicator.ignition_congestion.explosion_source_volume_m3,爆炸源体积,engineering_indicators.observations_by_segment.*.ignition_congestion.explosion_source_volume_m3,PROJECT_FACT,10_现场照片说明.png,bbox,m3,m3,IMPORTANT,ocr,adaptive_evidence_qra|data_inventory|indicator_coverage,OMIT_AND_RECORD_GAP_NO_SILENT_ZERO,BLOCK_AND_REQUIRE_HUMAN_DECISION,true,number,MANY,FIELD_DICTIONARY,OPTIONAL_CONTRACT_FIELD,NONE,NOT_MAPPED,FIELD_DICTIONARY_SUPPORTED,GENERIC_REVIEW_ASSEMBLY_REQUIRES_ENTITY_CONTAINER,DETERMINISTIC_MAPPING_GAP,工程指标ignition_congestion.explosion_source_volume_m3；组：点火源、约束与拥塞；要求：CONDITIONAL。
engineering_indicator.ignition_congestion.ignition_efficiency_per_s,点火效率,engineering_indicators.observations_by_segment.*.ignition_congestion.ignition_efficiency_per_s,PROJECT_FACT,10_现场照片说明.png,bbox,1/s,1/s,IMPORTANT,ocr,adaptive_evidence_qra|data_inventory|indicator_coverage,OMIT_AND_RECORD_GAP_NO_SILENT_ZERO,BLOCK_AND_REQUIRE_HUMAN_DECISION,true,number,MANY,FIELD_DICTIONARY,OPTIONAL_CONTRACT_FIELD,NONE,NOT_MAPPED,FIELD_DICTIONARY_SUPPORTED,GENERIC_REVIEW_ASSEMBLY_REQUIRES_ENTITY_CONTAINER,DETERMINISTIC_MAPPING_GAP,工程指标ignition_congestion.ignition_efficiency_per_s；组：点火源、约束与拥塞；要求：CONDITIONAL。
engineering_indicator.ignition_congestion.ignition_source_presence_probability,点火源存在概率,engineering_indicators.observations_by_segment.*.ignition_congestion.ignition_source_presence_probability,PROJECT_FACT,10_现场照片说明.png,bbox,,,IMPORTANT,ocr,adaptive_evidence_qra|data_inventory|indicator_coverage,OMIT_AND_RECORD_GAP_NO_SILENT_ZERO,BLOCK_AND_REQUIRE_HUMAN_DECISION,true,number,MANY,FIELD_DICTIONARY,OPTIONAL_CONTRACT_FIELD,NONE,NOT_MAPPED,FIELD_DICTIONARY_SUPPORTED,GENERIC_REVIEW_ASSEMBLY_REQUIRES_ENTITY_CONTAINER,DETERMINISTIC_MAPPING_GAP,工程指标ignition_congestion.ignition_source_presence_probability；组：点火源、约束与拥塞；要求：CONDITIONAL。
engineering_indicator.ignition_congestion.line_ignition_source_length_m,点火线源长度,engineering_indicators.observations_by_segment.*.ignition_congestion.line_ignition_source_length_m,PROJECT_FACT,10_现场照片说明.png,bbox,m,m,IMPORTANT,ocr,adaptive_evidence_qra|data_inventory|indicator_coverage,OMIT_AND_RECORD_GAP_NO_SILENT_ZERO,BLOCK_AND_REQUIRE_HUMAN_DECISION,true,number,MANY,FIELD_DICTIONARY,OPTIONAL_CONTRACT_FIELD,NONE,NOT_MAPPED,FIELD_DICTIONARY_SUPPORTED,GENERIC_REVIEW_ASSEMBLY_REQUIRES_ENTITY_CONTAINER,DETERMINISTIC_MAPPING_GAP,工程指标ignition_congestion.line_ignition_source_length_m；组：点火源、约束与拥塞；要求：CONDITIONAL。
engineering_indicator.ignition_congestion.point_ignition_source_count,点火点源数量,engineering_indicators.observations_by_segment.*.ignition_congestion.point_ignition_source_count,PROJECT_FACT,10_现场照片说明.png,bbox,count,count,IMPORTANT,ocr,adaptive_evidence_qra|data_inventory|indicator_coverage,OMIT_AND_RECORD_GAP_NO_SILENT_ZERO,BLOCK_AND_REQUIRE_HUMAN_DECISION,true,integer,MANY,FIELD_DICTIONARY,OPTIONAL_CONTRACT_FIELD,NONE,NOT_MAPPED,FIELD_DICTIONARY_SUPPORTED,GENERIC_REVIEW_ASSEMBLY_REQUIRES_ENTITY_CONTAINER,DETERMINISTIC_MAPPING_GAP,工程指标ignition_congestion.point_ignition_source_count；组：点火源、约束与拥塞；要求：CONDITIONAL。
engineering_indicator.ignition_congestion.tno_source_strength,TNO爆炸强度等级,engineering_indicators.observations_by_segment.*.ignition_congestion.tno_source_strength,PROJECT_FACT,10_现场照片说明.png,bbox,,,IMPORTANT,ocr,adaptive_evidence_qra|data_inventory|indicator_coverage,OMIT_AND_RECORD_GAP_NO_SILENT_ZERO,BLOCK_AND_REQUIRE_HUMAN_DECISION,true,integer,MANY,FIELD_DICTIONARY,OPTIONAL_CONTRACT_FIELD,NONE,NOT_MAPPED,FIELD_DICTIONARY_SUPPORTED,GENERIC_REVIEW_ASSEMBLY_REQUIRES_ENTITY_CONTAINER,DETERMINISTIC_MAPPING_GAP,工程指标ignition_congestion.tno_source_strength；组：点火源、约束与拥塞；要求：CONDITIONAL。
engineering_indicator.ignition_congestion.vce_given_delayed_probability,延迟点火后VCE条件概率,engineering_indicators.observations_by_segment.*.ignition_congestion.vce_given_delayed_probability,PROJECT_FACT,10_现场照片说明.png,bbox,,,IMPORTANT,ocr,adaptive_evidence_qra|data_inventory|indicator_coverage,OMIT_AND_RECORD_GAP_NO_SILENT_ZERO,BLOCK_AND_REQUIRE_HUMAN_DECISION,true,number,MANY,FIELD_DICTIONARY,OPTIONAL_CONTRACT_FIELD,NONE,NOT_MAPPED,FIELD_DICTIONARY_SUPPORTED,GENERIC_REVIEW_ASSEMBLY_REQUIRES_ENTITY_CONTAINER,DETERMINISTIC_MAPPING_GAP,工程指标ignition_congestion.vce_given_delayed_probability；组：点火源、约束与拥塞；要求：CONDITIONAL。
engineering_indicator.inspection_integrity.corrosion_growth_rate_mm_year,腐蚀增长率,engineering_indicators.observations_by_segment.*.inspection_integrity.corrosion_growth_rate_mm_year,PROJECT_FACT,05_缺陷与维修记录.docx,paragraph,mm/year,mm/year,IMPORTANT,llm,adaptive_evidence_qra|data_inventory|indicator_coverage,OMIT_AND_RECORD_GAP_NO_SILENT_ZERO,BLOCK_AND_REQUIRE_HUMAN_DECISION,true,number,MANY,FIELD_DICTIONARY,OPTIONAL_CONTRACT_FIELD,NONE,RAW_CATEGORY_BRIDGE_AVAILABLE,FIELD_DICTIONARY_SUPPORTED,GENERIC_REVIEW_ASSEMBLY_REQUIRES_ENTITY_CONTAINER,NONE,工程指标inspection_integrity.corrosion_growth_rate_mm_year；组：检测、缺陷与维修；要求：CONDITIONAL。
engineering_indicator.inspection_integrity.crack_count,裂纹数量,engineering_indicators.observations_by_segment.*.inspection_integrity.crack_count,PROJECT_FACT,05_缺陷与维修记录.docx,paragraph,count,count,IMPORTANT,llm,adaptive_evidence_qra|data_inventory|indicator_coverage,OMIT_AND_RECORD_GAP_NO_SILENT_ZERO,BLOCK_AND_REQUIRE_HUMAN_DECISION,true,integer,MANY,FIELD_DICTIONARY,OPTIONAL_CONTRACT_FIELD,NONE,RAW_CATEGORY_BRIDGE_AVAILABLE,FIELD_DICTIONARY_SUPPORTED,GENERIC_REVIEW_ASSEMBLY_REQUIRES_ENTITY_CONTAINER,NONE,工程指标inspection_integrity.crack_count；组：检测、缺陷与维修；要求：CONDITIONAL。
engineering_indicator.inspection_integrity.dent_count,凹陷数量,engineering_indicators.observations_by_segment.*.inspection_integrity.dent_count,PROJECT_FACT,05_缺陷与维修记录.docx,paragraph,count,count,IMPORTANT,llm,adaptive_evidence_qra|data_inventory|indicator_coverage,OMIT_AND_RECORD_GAP_NO_SILENT_ZERO,BLOCK_AND_REQUIRE_HUMAN_DECISION,true,integer,MANY,FIELD_DICTIONARY,OPTIONAL_CONTRACT_FIELD,NONE,RAW_CATEGORY_BRIDGE_AVAILABLE,FIELD_DICTIONARY_SUPPORTED,GENERIC_REVIEW_ASSEMBLY_REQUIRES_ENTITY_CONTAINER,NONE,工程指标inspection_integrity.dent_count；组：检测、缺陷与维修；要求：CONDITIONAL。
engineering_indicator.inspection_integrity.external_corrosion_anomaly_count,外腐蚀异常数量,engineering_indicators.observations_by_segment.*.inspection_integrity.external_corrosion_anomaly_count,PROJECT_FACT,05_缺陷与维修记录.docx,paragraph,count,count,IMPORTANT,llm,adaptive_evidence_qra|data_inventory|indicator_coverage,OMIT_AND_RECORD_GAP_NO_SILENT_ZERO,BLOCK_AND_REQUIRE_HUMAN_DECISION,true,integer,MANY,FIELD_DICTIONARY,OPTIONAL_CONTRACT_FIELD,NONE,RAW_CATEGORY_BRIDGE_AVAILABLE,FIELD_DICTIONARY_SUPPORTED,GENERIC_REVIEW_ASSEMBLY_REQUIRES_ENTITY_CONTAINER,NONE,工程指标inspection_integrity.external_corrosion_anomaly_count；组：检测、缺陷与维修；要求：CONDITIONAL。
engineering_indicator.inspection_integrity.field_verification_count,开挖验证数量,engineering_indicators.observations_by_segment.*.inspection_integrity.field_verification_count,PROJECT_FACT,05_缺陷与维修记录.docx,paragraph,count,count,IMPORTANT,llm,adaptive_evidence_qra|data_inventory|indicator_coverage,OMIT_AND_RECORD_GAP_NO_SILENT_ZERO,BLOCK_AND_REQUIRE_HUMAN_DECISION,true,integer,MANY,FIELD_DICTIONARY,OPTIONAL_CONTRACT_FIELD,NONE,RAW_CATEGORY_BRIDGE_AVAILABLE,FIELD_DICTIONARY_SUPPORTED,GENERIC_REVIEW_ASSEMBLY_REQUIRES_ENTITY_CONTAINER,NONE,工程指标inspection_integrity.field_verification_count；组：检测、缺陷与维修；要求：CONDITIONAL。
engineering_indicator.inspection_integrity.field_verification_match_fraction,开挖验证符合率,engineering_indicators.observations_by_segment.*.inspection_integrity.field_verification_match_fraction,PROJECT_FACT,05_缺陷与维修记录.docx,paragraph,%,fraction,IMPORTANT,llm,adaptive_evidence_qra|data_inventory|indicator_coverage,OMIT_AND_RECORD_GAP_NO_SILENT_ZERO,BLOCK_AND_REQUIRE_HUMAN_DECISION,true,number,MANY,FIELD_DICTIONARY,OPTIONAL_CONTRACT_FIELD,NONE,RAW_CATEGORY_BRIDGE_AVAILABLE,FIELD_DICTIONARY_SUPPORTED,GENERIC_REVIEW_ASSEMBLY_REQUIRES_ENTITY_CONTAINER,NONE,工程指标inspection_integrity.field_verification_match_fraction；组：检测、缺陷与维修；要求：CONDITIONAL。
engineering_indicator.inspection_integrity.ili_coverage_fraction,内检测覆盖率,engineering_indicators.observations_by_segment.*.inspection_integrity.ili_coverage_fraction,PROJECT_FACT,05_缺陷与维修记录.docx,paragraph,%,fraction,IMPORTANT,llm,adaptive_evidence_qra|data_inventory|indicator_coverage,OMIT_AND_RECORD_GAP_NO_SILENT_ZERO,BLOCK_AND_REQUIRE_HUMAN_DECISION,true,number,MANY,FIELD_DICTIONARY,OPTIONAL_CONTRACT_FIELD,NONE,RAW_CATEGORY_BRIDGE_AVAILABLE,FIELD_DICTIONARY_SUPPORTED,GENERIC_REVIEW_ASSEMBLY_REQUIRES_ENTITY_CONTAINER,NONE,工程指标inspection_integrity.ili_coverage_fraction；组：检测、缺陷与维修；要求：CONDITIONAL。
engineering_indicator.inspection_integrity.ili_depth_tolerance_mm,缺陷深度测量误差,engineering_indicators.observations_by_segment.*.inspection_integrity.ili_depth_tolerance_mm,PROJECT_FACT,05_缺陷与维修记录.docx,paragraph,mm,mm,IMPORTANT,llm,adaptive_evidence_qra|data_inventory|indicator_coverage,OMIT_AND_RECORD_GAP_NO_SILENT_ZERO,BLOCK_AND_REQUIRE_HUMAN_DECISION,true,number,MANY,FIELD_DICTIONARY,OPTIONAL_CONTRACT_FIELD,NONE,RAW_CATEGORY_BRIDGE_AVAILABLE,FIELD_DICTIONARY_SUPPORTED,GENERIC_REVIEW_ASSEMBLY_REQUIRES_ENTITY_CONTAINER,NONE,工程指标inspection_integrity.ili_depth_tolerance_mm；组：检测、缺陷与维修；要求：CONDITIONAL。
engineering_indicator.inspection_integrity.ili_detection_threshold_mm,内检测检出阈值,engineering_indicators.observations_by_segment.*.inspection_integrity.ili_detection_threshold_mm,PROJECT_FACT,05_缺陷与维修记录.docx,paragraph,mm,mm,IMPORTANT,llm,adaptive_evidence_qra|data_inventory|indicator_coverage,OMIT_AND_RECORD_GAP_NO_SILENT_ZERO,BLOCK_AND_REQUIRE_HUMAN_DECISION,true,number,MANY,FIELD_DICTIONARY,OPTIONAL_CONTRACT_FIELD,NONE,RAW_CATEGORY_BRIDGE_AVAILABLE,FIELD_DICTIONARY_SUPPORTED,GENERIC_REVIEW_ASSEMBLY_REQUIRES_ENTITY_CONTAINER,NONE,工程指标inspection_integrity.ili_detection_threshold_mm；组：检测、缺陷与维修；要求：CONDITIONAL。
engineering_indicator.inspection_integrity.ili_technology,内检测技术类型,engineering_indicators.observations_by_segment.*.inspection_integrity.ili_technology,PROJECT_FACT,05_缺陷与维修记录.docx,paragraph,,,IMPORTANT,llm,adaptive_evidence_qra|data_inventory|indicator_coverage,OMIT_AND_RECORD_GAP_NO_SILENT_ZERO,BLOCK_AND_REQUIRE_HUMAN_DECISION,true,string,MANY,FIELD_DICTIONARY,OPTIONAL_CONTRACT_FIELD,NONE,RAW_CATEGORY_BRIDGE_AVAILABLE,FIELD_DICTIONARY_SUPPORTED,GENERIC_REVIEW_ASSEMBLY_REQUIRES_ENTITY_CONTAINER,NONE,工程指标inspection_integrity.ili_technology；组：检测、缺陷与维修；要求：CONDITIONAL。
engineering_indicator.inspection_integrity.internal_corrosion_anomaly_count,内腐蚀异常数量,engineering_indicators.observations_by_segment.*.inspection_integrity.internal_corrosion_anomaly_count,PROJECT_FACT,05_缺陷与维修记录.docx,paragraph,count,count,IMPORTANT,llm,adaptive_evidence_qra|data_inventory|indicator_coverage,OMIT_AND_RECORD_GAP_NO_SILENT_ZERO,BLOCK_AND_REQUIRE_HUMAN_DECISION,true,integer,MANY,FIELD_DICTIONARY,OPTIONAL_CONTRACT_FIELD,NONE,RAW_CATEGORY_BRIDGE_AVAILABLE,FIELD_DICTIONARY_SUPPORTED,GENERIC_REVIEW_ASSEMBLY_REQUIRES_ENTITY_CONTAINER,NONE,工程指标inspection_integrity.internal_corrosion_anomaly_count；组：检测、缺陷与维修；要求：CONDITIONAL。
engineering_indicator.inspection_integrity.latest_ili_date,最近内检测日期,engineering_indicators.observations_by_segment.*.inspection_integrity.latest_ili_date,PROJECT_FACT,05_缺陷与维修记录.docx,paragraph,,,IMPORTANT,llm,adaptive_evidence_qra|data_inventory|indicator_coverage,OMIT_AND_RECORD_GAP_NO_SILENT_ZERO,BLOCK_AND_REQUIRE_HUMAN_DECISION,true,date,MANY,FIELD_DICTIONARY,OPTIONAL_CONTRACT_FIELD,NONE,RAW_CATEGORY_BRIDGE_AVAILABLE,FIELD_DICTIONARY_SUPPORTED,GENERIC_REVIEW_ASSEMBLY_REQUIRES_ENTITY_CONTAINER,NONE,工程指标inspection_integrity.latest_ili_date；组：检测、缺陷与维修；要求：CONDITIONAL。
engineering_indicator.inspection_integrity.maximum_corrosion_depth_ratio,最大腐蚀深度比,engineering_indicators.observations_by_segment.*.inspection_integrity.maximum_corrosion_depth_ratio,PROJECT_FACT,05_缺陷与维修记录.docx,paragraph,,,IMPORTANT,llm,adaptive_evidence_qra|data_inventory|indicator_coverage,OMIT_AND_RECORD_GAP_NO_SILENT_ZERO,BLOCK_AND_REQUIRE_HUMAN_DECISION,true,number,MANY,FIELD_DICTIONARY,OPTIONAL_CONTRACT_FIELD,NONE,RAW_CATEGORY_BRIDGE_AVAILABLE,FIELD_DICTIONARY_SUPPORTED,GENERIC_REVIEW_ASSEMBLY_REQUIRES_ENTITY_CONTAINER,NONE,工程指标inspection_integrity.maximum_corrosion_depth_ratio；组：检测、缺陷与维修；要求：CONDITIONAL。
engineering_indicator.inspection_integrity.maximum_corrosion_length_mm,最大腐蚀轴向长度,engineering_indicators.observations_by_segment.*.inspection_integrity.maximum_corrosion_length_mm,PROJECT_FACT,05_缺陷与维修记录.docx,paragraph,mm,mm,IMPORTANT,llm,adaptive_evidence_qra|data_inventory|indicator_coverage,OMIT_AND_RECORD_GAP_NO_SILENT_ZERO,BLOCK_AND_REQUIRE_HUMAN_DECISION,true,number,MANY,FIELD_DICTIONARY,OPTIONAL_CONTRACT_FIELD,NONE,RAW_CATEGORY_BRIDGE_AVAILABLE,FIELD_DICTIONARY_SUPPORTED,GENERIC_REVIEW_ASSEMBLY_REQUIRES_ENTITY_CONTAINER,NONE,工程指标inspection_integrity.maximum_corrosion_length_mm；组：检测、缺陷与维修；要求：CONDITIONAL。
engineering_indicator.inspection_integrity.repair_count,历史修复数量,engineering_indicators.observations_by_segment.*.inspection_integrity.repair_count,PROJECT_FACT,05_缺陷与维修记录.docx,paragraph,count,count,IMPORTANT,llm,adaptive_evidence_qra|data_inventory|indicator_coverage,OMIT_AND_RECORD_GAP_NO_SILENT_ZERO,BLOCK_AND_REQUIRE_HUMAN_DECISION,true,integer,MANY,FIELD_DICTIONARY,OPTIONAL_CONTRACT_FIELD,NONE,RAW_CATEGORY_BRIDGE_AVAILABLE,FIELD_DICTIONARY_SUPPORTED,GENERIC_REVIEW_ASSEMBLY_REQUIRES_ENTITY_CONTAINER,NONE,工程指标inspection_integrity.repair_count；组：检测、缺陷与维修；要求：CONDITIONAL。
engineering_indicator.inspection_integrity.unrepaired_critical_anomaly_count,未修复临界缺陷数量,engineering_indicators.observations_by_segment.*.inspection_integrity.unrepaired_critical_anomaly_count,PROJECT_FACT,05_缺陷与维修记录.docx,paragraph,count,count,IMPORTANT,llm,adaptive_evidence_qra|data_inventory|indicator_coverage,OMIT_AND_RECORD_GAP_NO_SILENT_ZERO,BLOCK_AND_REQUIRE_HUMAN_DECISION,true,integer,MANY,FIELD_DICTIONARY,OPTIONAL_CONTRACT_FIELD,NONE,RAW_CATEGORY_BRIDGE_AVAILABLE,FIELD_DICTIONARY_SUPPORTED,GENERIC_REVIEW_ASSEMBLY_REQUIRES_ENTITY_CONTAINER,NONE,工程指标inspection_integrity.unrepaired_critical_anomaly_count；组：检测、缺陷与维修；要求：CONDITIONAL。
engineering_indicator.internal_corrosion.chloride_concentration_mg_l,液相氯离子浓度,engineering_indicators.observations_by_segment.*.internal_corrosion.chloride_concentration_mg_l,PROJECT_FACT,04_CIPS与腐蚀检测.xlsx,cell,mg/L,mg/L,IMPORTANT,deterministic,adaptive_evidence_qra|data_inventory|indicator_coverage,OMIT_AND_RECORD_GAP_NO_SILENT_ZERO,BLOCK_AND_REQUIRE_HUMAN_DECISION,true,number,MANY,FIELD_DICTIONARY,OPTIONAL_CONTRACT_FIELD,NONE,NOT_MAPPED,FIELD_DICTIONARY_SUPPORTED,GENERIC_REVIEW_ASSEMBLY_REQUIRES_ENTITY_CONTAINER,DETERMINISTIC_MAPPING_GAP,工程指标internal_corrosion.chloride_concentration_mg_l；组：内腐蚀与介质腐蚀性；要求：CONDITIONAL。
engineering_indicator.internal_corrosion.co2_partial_pressure_mpa,二氧化碳分压,engineering_indicators.observations_by_segment.*.internal_corrosion.co2_partial_pressure_mpa,PROJECT_FACT,04_CIPS与腐蚀检测.xlsx,cell,MPa,MPa,IMPORTANT,deterministic,adaptive_evidence_qra|data_inventory|indicator_coverage,OMIT_AND_RECORD_GAP_NO_SILENT_ZERO,BLOCK_AND_REQUIRE_HUMAN_DECISION,true,number,MANY,FIELD_DICTIONARY,OPTIONAL_CONTRACT_FIELD,NONE,NOT_MAPPED,FIELD_DICTIONARY_SUPPORTED,GENERIC_REVIEW_ASSEMBLY_REQUIRES_ENTITY_CONTAINER,DETERMINISTIC_MAPPING_GAP,工程指标internal_corrosion.co2_partial_pressure_mpa；组：内腐蚀与介质腐蚀性；要求：CONDITIONAL。
engineering_indicator.internal_corrosion.corrosion_inhibitor_used,缓蚀剂使用,engineering_indicators.observations_by_segment.*.internal_corrosion.corrosion_inhibitor_used,PROJECT_FACT,04_CIPS与腐蚀检测.xlsx,cell,,,IMPORTANT,deterministic,adaptive_evidence_qra|data_inventory|indicator_coverage,OMIT_AND_RECORD_GAP_NO_SILENT_ZERO,BLOCK_AND_REQUIRE_HUMAN_DECISION,true,boolean,MANY,FIELD_DICTIONARY,OPTIONAL_CONTRACT_FIELD,NONE,NOT_MAPPED,FIELD_DICTIONARY_SUPPORTED,GENERIC_REVIEW_ASSEMBLY_REQUIRES_ENTITY_CONTAINER,DETERMINISTIC_MAPPING_GAP,工程指标internal_corrosion.corrosion_inhibitor_used；组：内腐蚀与介质腐蚀性；要求：CONDITIONAL。
engineering_indicator.internal_corrosion.coupon_corrosion_rate_mm_year,挂片腐蚀速率,engineering_indicators.observations_by_segment.*.internal_corrosion.coupon_corrosion_rate_mm_year,PROJECT_FACT,04_CIPS与腐蚀检测.xlsx,cell,mm/year,mm/year,IMPORTANT,deterministic,adaptive_evidence_qra|data_inventory|indicator_coverage,OMIT_AND_RECORD_GAP_NO_SILENT_ZERO,BLOCK_AND_REQUIRE_HUMAN_DECISION,true,number,MANY,FIELD_DICTIONARY,OPTIONAL_CONTRACT_FIELD,NONE,NOT_MAPPED,FIELD_DICTIONARY_SUPPORTED,GENERIC_REVIEW_ASSEMBLY_REQUIRES_ENTITY_CONTAINER,DETERMINISTIC_MAPPING_GAP,工程指标internal_corrosion.coupon_corrosion_rate_mm_year；组：内腐蚀与介质腐蚀性；要求：CONDITIONAL。
engineering_indicator.internal_corrosion.free_water_probability,游离水出现概率,engineering_indicators.observations_by_segment.*.internal_corrosion.free_water_probability,PROJECT_FACT,04_CIPS与腐蚀检测.xlsx,cell,,,IMPORTANT,deterministic,adaptive_evidence_qra|data_inventory|indicator_coverage,OMIT_AND_RECORD_GAP_NO_SILENT_ZERO,BLOCK_AND_REQUIRE_HUMAN_DECISION,true,number,MANY,FIELD_DICTIONARY,OPTIONAL_CONTRACT_FIELD,NONE,NOT_MAPPED,FIELD_DICTIONARY_SUPPORTED,GENERIC_REVIEW_ASSEMBLY_REQUIRES_ENTITY_CONTAINER,DETERMINISTIC_MAPPING_GAP,工程指标internal_corrosion.free_water_probability；组：内腐蚀与介质腐蚀性；要求：CONDITIONAL。
engineering_indicator.internal_corrosion.h2s_partial_pressure_mpa,硫化氢分压,engineering_indicators.observations_by_segment.*.internal_corrosion.h2s_partial_pressure_mpa,PROJECT_FACT,04_CIPS与腐蚀检测.xlsx,cell,MPa,MPa,IMPORTANT,deterministic,adaptive_evidence_qra|data_inventory|indicator_coverage,OMIT_AND_RECORD_GAP_NO_SILENT_ZERO,BLOCK_AND_REQUIRE_HUMAN_DECISION,true,number,MANY,FIELD_DICTIONARY,OPTIONAL_CONTRACT_FIELD,NONE,NOT_MAPPED,FIELD_DICTIONARY_SUPPORTED,GENERIC_REVIEW_ASSEMBLY_REQUIRES_ENTITY_CONTAINER,DETERMINISTIC_MAPPING_GAP,工程指标internal_corrosion.h2s_partial_pressure_mpa；组：内腐蚀与介质腐蚀性；要求：CONDITIONAL。
engineering_indicator.internal_corrosion.inhibitor_availability_fraction,缓蚀剂有效投加率,engineering_indicators.observations_by_segment.*.internal_corrosion.inhibitor_availability_fraction,PROJECT_FACT,04_CIPS与腐蚀检测.xlsx,cell,%,fraction,IMPORTANT,deterministic,adaptive_evidence_qra|data_inventory|indicator_coverage,OMIT_AND_RECORD_GAP_NO_SILENT_ZERO,BLOCK_AND_REQUIRE_HUMAN_DECISION,true,number,MANY,FIELD_DICTIONARY,OPTIONAL_CONTRACT_FIELD,NONE,NOT_MAPPED,FIELD_DICTIONARY_SUPPORTED,GENERIC_REVIEW_ASSEMBLY_REQUIRES_ENTITY_CONTAINER,DETERMINISTIC_MAPPING_GAP,工程指标internal_corrosion.inhibitor_availability_fraction；组：内腐蚀与介质腐蚀性；要求：CONDITIONAL。
engineering_indicator.internal_corrosion.internal_corrosion_leak_history_count,内腐蚀泄漏历史次数,engineering_indicators.observations_by_segment.*.internal_corrosion.internal_corrosion_leak_history_count,PROJECT_FACT,04_CIPS与腐蚀检测.xlsx,cell,count,count,IMPORTANT,deterministic,adaptive_evidence_qra|data_inventory|indicator_coverage,OMIT_AND_RECORD_GAP_NO_SILENT_ZERO,BLOCK_AND_REQUIRE_HUMAN_DECISION,true,integer,MANY,FIELD_DICTIONARY,OPTIONAL_CONTRACT_FIELD,NONE,NOT_MAPPED,FIELD_DICTIONARY_SUPPORTED,GENERIC_REVIEW_ASSEMBLY_REQUIRES_ENTITY_CONTAINER,DETERMINISTIC_MAPPING_GAP,工程指标internal_corrosion.internal_corrosion_leak_history_count；组：内腐蚀与介质腐蚀性；要求：CONDITIONAL。
engineering_indicator.internal_corrosion.liquid_ph,液相pH,engineering_indicators.observations_by_segment.*.internal_corrosion.liquid_ph,PROJECT_FACT,04_CIPS与腐蚀检测.xlsx,cell,,,IMPORTANT,deterministic,adaptive_evidence_qra|data_inventory|indicator_coverage,OMIT_AND_RECORD_GAP_NO_SILENT_ZERO,BLOCK_AND_REQUIRE_HUMAN_DECISION,true,number,MANY,FIELD_DICTIONARY,OPTIONAL_CONTRACT_FIELD,NONE,NOT_MAPPED,FIELD_DICTIONARY_SUPPORTED,GENERIC_REVIEW_ASSEMBLY_REQUIRES_ENTITY_CONTAINER,DETERMINISTIC_MAPPING_GAP,工程指标internal_corrosion.liquid_ph；组：内腐蚀与介质腐蚀性；要求：CONDITIONAL。
engineering_indicator.internal_corrosion.low_point_liquid_holdup,低点积液,engineering_indicators.observations_by_segment.*.internal_corrosion.low_point_liquid_holdup,PROJECT_FACT,04_CIPS与腐蚀检测.xlsx,cell,,,IMPORTANT,deterministic,adaptive_evidence_qra|data_inventory|indicator_coverage,OMIT_AND_RECORD_GAP_NO_SILENT_ZERO,BLOCK_AND_REQUIRE_HUMAN_DECISION,true,boolean,MANY,FIELD_DICTIONARY,OPTIONAL_CONTRACT_FIELD,NONE,NOT_MAPPED,FIELD_DICTIONARY_SUPPORTED,GENERIC_REVIEW_ASSEMBLY_REQUIRES_ENTITY_CONTAINER,DETERMINISTIC_MAPPING_GAP,工程指标internal_corrosion.low_point_liquid_holdup；组：内腐蚀与介质腐蚀性；要求：CONDITIONAL。
engineering_indicator.internal_corrosion.microbial_activity_detected,微生物腐蚀迹象,engineering_indicators.observations_by_segment.*.internal_corrosion.microbial_activity_detected,PROJECT_FACT,04_CIPS与腐蚀检测.xlsx,cell,,,IMPORTANT,deterministic,adaptive_evidence_qra|data_inventory|indicator_coverage,OMIT_AND_RECORD_GAP_NO_SILENT_ZERO,BLOCK_AND_REQUIRE_HUMAN_DECISION,true,boolean,MANY,FIELD_DICTIONARY,OPTIONAL_CONTRACT_FIELD,NONE,NOT_MAPPED,FIELD_DICTIONARY_SUPPORTED,GENERIC_REVIEW_ASSEMBLY_REQUIRES_ENTITY_CONTAINER,DETERMINISTIC_MAPPING_GAP,工程指标internal_corrosion.microbial_activity_detected；组：内腐蚀与介质腐蚀性；要求：CONDITIONAL。
engineering_indicator.internal_corrosion.pigging_interval_days,清管周期,engineering_indicators.observations_by_segment.*.internal_corrosion.pigging_interval_days,PROJECT_FACT,04_CIPS与腐蚀检测.xlsx,cell,day,day,IMPORTANT,deterministic,adaptive_evidence_qra|data_inventory|indicator_coverage,OMIT_AND_RECORD_GAP_NO_SILENT_ZERO,BLOCK_AND_REQUIRE_HUMAN_DECISION,true,number,MANY,FIELD_DICTIONARY,OPTIONAL_CONTRACT_FIELD,NONE,NOT_MAPPED,FIELD_DICTIONARY_SUPPORTED,GENERIC_REVIEW_ASSEMBLY_REQUIRES_ENTITY_CONTAINER,DETERMINISTIC_MAPPING_GAP,工程指标internal_corrosion.pigging_interval_days；组：内腐蚀与介质腐蚀性；要求：CONDITIONAL。
engineering_indicator.internal_corrosion.probe_corrosion_rate_mm_year,探针腐蚀速率,engineering_indicators.observations_by_segment.*.internal_corrosion.probe_corrosion_rate_mm_year,PROJECT_FACT,04_CIPS与腐蚀检测.xlsx,cell,mm/year,mm/year,IMPORTANT,deterministic,adaptive_evidence_qra|data_inventory|indicator_coverage,OMIT_AND_RECORD_GAP_NO_SILENT_ZERO,BLOCK_AND_REQUIRE_HUMAN_DECISION,true,number,MANY,FIELD_DICTIONARY,OPTIONAL_CONTRACT_FIELD,NONE,NOT_MAPPED,FIELD_DICTIONARY_SUPPORTED,GENERIC_REVIEW_ASSEMBLY_REQUIRES_ENTITY_CONTAINER,DETERMINISTIC_MAPPING_GAP,工程指标internal_corrosion.probe_corrosion_rate_mm_year；组：内腐蚀与介质腐蚀性；要求：CONDITIONAL。
engineering_indicator.internal_corrosion.solid_deposit_detected,固体沉积物存在,engineering_indicators.observations_by_segment.*.internal_corrosion.solid_deposit_detected,PROJECT_FACT,04_CIPS与腐蚀检测.xlsx,cell,,,IMPORTANT,deterministic,adaptive_evidence_qra|data_inventory|indicator_coverage,OMIT_AND_RECORD_GAP_NO_SILENT_ZERO,BLOCK_AND_REQUIRE_HUMAN_DECISION,true,boolean,MANY,FIELD_DICTIONARY,OPTIONAL_CONTRACT_FIELD,NONE,NOT_MAPPED,FIELD_DICTIONARY_SUPPORTED,GENERIC_REVIEW_ASSEMBLY_REQUIRES_ENTITY_CONTAINER,DETERMINISTIC_MAPPING_GAP,工程指标internal_corrosion.solid_deposit_detected；组：内腐蚀与介质腐蚀性；要求：CONDITIONAL。
engineering_indicator.management_emergency.alarm_response_time_s,报警响应时间,engineering_indicators.observations_by_segment.*.management_emergency.alarm_response_time_s,PROJECT_FACT,09_现场检查扫描件.pdf,page/bbox,s,s,IMPORTANT,ocr,adaptive_evidence_qra|data_inventory|indicator_coverage,OMIT_AND_RECORD_GAP_NO_SILENT_ZERO,BLOCK_AND_REQUIRE_HUMAN_DECISION,true,number,MANY,FIELD_DICTIONARY,OPTIONAL_CONTRACT_FIELD,NONE,RAW_CATEGORY_BRIDGE_AVAILABLE,FIELD_DICTIONARY_SUPPORTED,GENERIC_REVIEW_ASSEMBLY_REQUIRES_ENTITY_CONTAINER,NONE,工程指标management_emergency.alarm_response_time_s；组：运行管理、人因与应急；要求：CONDITIONAL。
engineering_indicator.management_emergency.audit_nonconformity_open_count,未关闭审核不符合项,engineering_indicators.observations_by_segment.*.management_emergency.audit_nonconformity_open_count,PROJECT_FACT,09_现场检查扫描件.pdf,page/bbox,count,count,IMPORTANT,ocr,adaptive_evidence_qra|data_inventory|indicator_coverage,OMIT_AND_RECORD_GAP_NO_SILENT_ZERO,BLOCK_AND_REQUIRE_HUMAN_DECISION,true,integer,MANY,FIELD_DICTIONARY,OPTIONAL_CONTRACT_FIELD,NONE,RAW_CATEGORY_BRIDGE_AVAILABLE,FIELD_DICTIONARY_SUPPORTED,GENERIC_REVIEW_ASSEMBLY_REQUIRES_ENTITY_CONTAINER,NONE,工程指标management_emergency.audit_nonconformity_open_count；组：运行管理、人因与应急；要求：CONDITIONAL。
engineering_indicator.management_emergency.emergency_drills_per_year,年应急演练次数,engineering_indicators.observations_by_segment.*.management_emergency.emergency_drills_per_year,PROJECT_FACT,09_现场检查扫描件.pdf,page/bbox,1/year,1/year,IMPORTANT,ocr,adaptive_evidence_qra|data_inventory|indicator_coverage,OMIT_AND_RECORD_GAP_NO_SILENT_ZERO,BLOCK_AND_REQUIRE_HUMAN_DECISION,true,number,MANY,FIELD_DICTIONARY,OPTIONAL_CONTRACT_FIELD,NONE,RAW_CATEGORY_BRIDGE_AVAILABLE,FIELD_DICTIONARY_SUPPORTED,GENERIC_REVIEW_ASSEMBLY_REQUIRES_ENTITY_CONTAINER,NONE,工程指标management_emergency.emergency_drills_per_year；组：运行管理、人因与应急；要求：CONDITIONAL。
engineering_indicator.management_emergency.emergency_isolation_procedure_available,紧急隔离程序可用,engineering_indicators.observations_by_segment.*.management_emergency.emergency_isolation_procedure_available,PROJECT_FACT,09_现场检查扫描件.pdf,page/bbox,,,IMPORTANT,ocr,adaptive_evidence_qra|data_inventory|indicator_coverage,OMIT_AND_RECORD_GAP_NO_SILENT_ZERO,BLOCK_AND_REQUIRE_HUMAN_DECISION,true,boolean,MANY,FIELD_DICTIONARY,OPTIONAL_CONTRACT_FIELD,NONE,RAW_CATEGORY_BRIDGE_AVAILABLE,FIELD_DICTIONARY_SUPPORTED,GENERIC_REVIEW_ASSEMBLY_REQUIRES_ENTITY_CONTAINER,NONE,工程指标management_emergency.emergency_isolation_procedure_available；组：运行管理、人因与应急；要求：REQUIRED。
engineering_indicator.management_emergency.emergency_team_response_time_s,应急队伍响应时间,engineering_indicators.observations_by_segment.*.management_emergency.emergency_team_response_time_s,PROJECT_FACT,09_现场检查扫描件.pdf,page/bbox,s,s,IMPORTANT,ocr,adaptive_evidence_qra|data_inventory|indicator_coverage,OMIT_AND_RECORD_GAP_NO_SILENT_ZERO,BLOCK_AND_REQUIRE_HUMAN_DECISION,true,number,MANY,FIELD_DICTIONARY,OPTIONAL_CONTRACT_FIELD,NONE,RAW_CATEGORY_BRIDGE_AVAILABLE,FIELD_DICTIONARY_SUPPORTED,GENERIC_REVIEW_ASSEMBLY_REQUIRES_ENTITY_CONTAINER,NONE,工程指标management_emergency.emergency_team_response_time_s；组：运行管理、人因与应急；要求：CONDITIONAL。
engineering_indicator.management_emergency.maintenance_completion_fraction,维护计划完成率,engineering_indicators.observations_by_segment.*.management_emergency.maintenance_completion_fraction,PROJECT_FACT,09_现场检查扫描件.pdf,page/bbox,%,fraction,IMPORTANT,ocr,adaptive_evidence_qra|data_inventory|indicator_coverage,OMIT_AND_RECORD_GAP_NO_SILENT_ZERO,BLOCK_AND_REQUIRE_HUMAN_DECISION,true,number,MANY,FIELD_DICTIONARY,OPTIONAL_CONTRACT_FIELD,NONE,RAW_CATEGORY_BRIDGE_AVAILABLE,FIELD_DICTIONARY_SUPPORTED,GENERIC_REVIEW_ASSEMBLY_REQUIRES_ENTITY_CONTAINER,NONE,工程指标management_emergency.maintenance_completion_fraction；组：运行管理、人因与应急；要求：CONDITIONAL。
engineering_indicator.management_emergency.management_of_change_compliance_fraction,变更管理符合率,engineering_indicators.observations_by_segment.*.management_emergency.management_of_change_compliance_fraction,PROJECT_FACT,09_现场检查扫描件.pdf,page/bbox,%,fraction,IMPORTANT,ocr,adaptive_evidence_qra|data_inventory|indicator_coverage,OMIT_AND_RECORD_GAP_NO_SILENT_ZERO,BLOCK_AND_REQUIRE_HUMAN_DECISION,true,number,MANY,FIELD_DICTIONARY,OPTIONAL_CONTRACT_FIELD,NONE,RAW_CATEGORY_BRIDGE_AVAILABLE,FIELD_DICTIONARY_SUPPORTED,GENERIC_REVIEW_ASSEMBLY_REQUIRES_ENTITY_CONTAINER,NONE,工程指标management_emergency.management_of_change_compliance_fraction；组：运行管理、人因与应急；要求：CONDITIONAL。
engineering_indicator.management_emergency.misoperation_event_count,历史误操作事件数,engineering_indicators.observations_by_segment.*.management_emergency.misoperation_event_count,PROJECT_FACT,09_现场检查扫描件.pdf,page/bbox,count,count,IMPORTANT,ocr,adaptive_evidence_qra|data_inventory|indicator_coverage,OMIT_AND_RECORD_GAP_NO_SILENT_ZERO,BLOCK_AND_REQUIRE_HUMAN_DECISION,true,integer,MANY,FIELD_DICTIONARY,OPTIONAL_CONTRACT_FIELD,NONE,RAW_CATEGORY_BRIDGE_AVAILABLE,FIELD_DICTIONARY_SUPPORTED,GENERIC_REVIEW_ASSEMBLY_REQUIRES_ENTITY_CONTAINER,NONE,工程指标management_emergency.misoperation_event_count；组：运行管理、人因与应急；要求：CONDITIONAL。
engineering_indicator.management_emergency.operating_procedure_available,运行规程完整,engineering_indicators.observations_by_segment.*.management_emergency.operating_procedure_available,PROJECT_FACT,09_现场检查扫描件.pdf,page/bbox,,,IMPORTANT,ocr,adaptive_evidence_qra|data_inventory|indicator_coverage,OMIT_AND_RECORD_GAP_NO_SILENT_ZERO,BLOCK_AND_REQUIRE_HUMAN_DECISION,true,boolean,MANY,FIELD_DICTIONARY,OPTIONAL_CONTRACT_FIELD,NONE,RAW_CATEGORY_BRIDGE_AVAILABLE,FIELD_DICTIONARY_SUPPORTED,GENERIC_REVIEW_ASSEMBLY_REQUIRES_ENTITY_CONTAINER,NONE,工程指标management_emergency.operating_procedure_available；组：运行管理、人因与应急；要求：REQUIRED。
engineering_indicator.management_emergency.operator_competency_pass_fraction,操作人员能力考核通过率,engineering_indicators.observations_by_segment.*.management_emergency.operator_competency_pass_fraction,PROJECT_FACT,09_现场检查扫描件.pdf,page/bbox,%,fraction,IMPORTANT,ocr,adaptive_evidence_qra|data_inventory|indicator_coverage,OMIT_AND_RECORD_GAP_NO_SILENT_ZERO,BLOCK_AND_REQUIRE_HUMAN_DECISION,true,number,MANY,FIELD_DICTIONARY,OPTIONAL_CONTRACT_FIELD,NONE,RAW_CATEGORY_BRIDGE_AVAILABLE,FIELD_DICTIONARY_SUPPORTED,GENERIC_REVIEW_ASSEMBLY_REQUIRES_ENTITY_CONTAINER,NONE,工程指标management_emergency.operator_competency_pass_fraction；组：运行管理、人因与应急；要求：CONDITIONAL。
engineering_indicator.management_emergency.operator_training_completion_fraction,操作人员培训完成率,engineering_indicators.observations_by_segment.*.management_emergency.operator_training_completion_fraction,PROJECT_FACT,09_现场检查扫描件.pdf,page/bbox,%,fraction,IMPORTANT,ocr,adaptive_evidence_qra|data_inventory|indicator_coverage,OMIT_AND_RECORD_GAP_NO_SILENT_ZERO,BLOCK_AND_REQUIRE_HUMAN_DECISION,true,number,MANY,FIELD_DICTIONARY,OPTIONAL_CONTRACT_FIELD,NONE,RAW_CATEGORY_BRIDGE_AVAILABLE,FIELD_DICTIONARY_SUPPORTED,GENERIC_REVIEW_ASSEMBLY_REQUIRES_ENTITY_CONTAINER,NONE,工程指标management_emergency.operator_training_completion_fraction；组：运行管理、人因与应急；要求：CONDITIONAL。
engineering_indicator.management_emergency.permit_to_work_compliance_fraction,作业许可符合率,engineering_indicators.observations_by_segment.*.management_emergency.permit_to_work_compliance_fraction,PROJECT_FACT,09_现场检查扫描件.pdf,page/bbox,%,fraction,IMPORTANT,ocr,adaptive_evidence_qra|data_inventory|indicator_coverage,OMIT_AND_RECORD_GAP_NO_SILENT_ZERO,BLOCK_AND_REQUIRE_HUMAN_DECISION,true,number,MANY,FIELD_DICTIONARY,OPTIONAL_CONTRACT_FIELD,NONE,RAW_CATEGORY_BRIDGE_AVAILABLE,FIELD_DICTIONARY_SUPPORTED,GENERIC_REVIEW_ASSEMBLY_REQUIRES_ENTITY_CONTAINER,NONE,工程指标management_emergency.permit_to_work_compliance_fraction；组：运行管理、人因与应急；要求：CONDITIONAL。
engineering_indicator.management_emergency.procedure_compliance_fraction,规程执行符合率,engineering_indicators.observations_by_segment.*.management_emergency.procedure_compliance_fraction,PROJECT_FACT,09_现场检查扫描件.pdf,page/bbox,%,fraction,IMPORTANT,ocr,adaptive_evidence_qra|data_inventory|indicator_coverage,OMIT_AND_RECORD_GAP_NO_SILENT_ZERO,BLOCK_AND_REQUIRE_HUMAN_DECISION,true,number,MANY,FIELD_DICTIONARY,OPTIONAL_CONTRACT_FIELD,NONE,RAW_CATEGORY_BRIDGE_AVAILABLE,FIELD_DICTIONARY_SUPPORTED,GENERIC_REVIEW_ASSEMBLY_REQUIRES_ENTITY_CONTAINER,NONE,工程指标management_emergency.procedure_compliance_fraction；组：运行管理、人因与应急；要求：CONDITIONAL。
engineering_indicator.management_emergency.shift_handover_compliance_fraction,交接班符合率,engineering_indicators.observations_by_segment.*.management_emergency.shift_handover_compliance_fraction,PROJECT_FACT,09_现场检查扫描件.pdf,page/bbox,%,fraction,IMPORTANT,ocr,adaptive_evidence_qra|data_inventory|indicator_coverage,OMIT_AND_RECORD_GAP_NO_SILENT_ZERO,BLOCK_AND_REQUIRE_HUMAN_DECISION,true,number,MANY,FIELD_DICTIONARY,OPTIONAL_CONTRACT_FIELD,NONE,RAW_CATEGORY_BRIDGE_AVAILABLE,FIELD_DICTIONARY_SUPPORTED,GENERIC_REVIEW_ASSEMBLY_REQUIRES_ENTITY_CONTAINER,NONE,工程指标management_emergency.shift_handover_compliance_fraction；组：运行管理、人因与应急；要求：CONDITIONAL。
engineering_indicator.manufacturing_defects.dent_strain_max_fraction,凹陷最大应变,engineering_indicators.observations_by_segment.*.manufacturing_defects.dent_strain_max_fraction,PROJECT_FACT,05_缺陷与维修记录.docx,paragraph,%,fraction,IMPORTANT,llm,adaptive_evidence_qra|data_inventory|indicator_coverage,OMIT_AND_RECORD_GAP_NO_SILENT_ZERO,BLOCK_AND_REQUIRE_HUMAN_DECISION,true,number,MANY,FIELD_DICTIONARY,OPTIONAL_CONTRACT_FIELD,NONE,NOT_MAPPED,FIELD_DICTIONARY_SUPPORTED,GENERIC_REVIEW_ASSEMBLY_REQUIRES_ENTITY_CONTAINER,DETERMINISTIC_MAPPING_GAP,工程指标manufacturing_defects.dent_strain_max_fraction；组：制造与施工缺陷；要求：CONDITIONAL。
engineering_indicator.manufacturing_defects.girth_weld_anomaly_count_per_km,环焊缝异常密度,engineering_indicators.observations_by_segment.*.manufacturing_defects.girth_weld_anomaly_count_per_km,PROJECT_FACT,05_缺陷与维修记录.docx,paragraph,1/km,1/km,IMPORTANT,llm,adaptive_evidence_qra|data_inventory|indicator_coverage,OMIT_AND_RECORD_GAP_NO_SILENT_ZERO,BLOCK_AND_REQUIRE_HUMAN_DECISION,true,number,MANY,FIELD_DICTIONARY,OPTIONAL_CONTRACT_FIELD,NONE,NOT_MAPPED,FIELD_DICTIONARY_SUPPORTED,GENERIC_REVIEW_ASSEMBLY_REQUIRES_ENTITY_CONTAINER,DETERMINISTIC_MAPPING_GAP,工程指标manufacturing_defects.girth_weld_anomaly_count_per_km；组：制造与施工缺陷；要求：CONDITIONAL。
engineering_indicator.manufacturing_defects.hydrotest_pressure_ratio_smys,水压试验压力比,engineering_indicators.observations_by_segment.*.manufacturing_defects.hydrotest_pressure_ratio_smys,PROJECT_FACT,05_缺陷与维修记录.docx,paragraph,,,IMPORTANT,llm,adaptive_evidence_qra|data_inventory|indicator_coverage,OMIT_AND_RECORD_GAP_NO_SILENT_ZERO,BLOCK_AND_REQUIRE_HUMAN_DECISION,true,number,MANY,FIELD_DICTIONARY,OPTIONAL_CONTRACT_FIELD,NONE,NOT_MAPPED,FIELD_DICTIONARY_SUPPORTED,GENERIC_REVIEW_ASSEMBLY_REQUIRES_ENTITY_CONTAINER,DETERMINISTIC_MAPPING_GAP,工程指标manufacturing_defects.hydrotest_pressure_ratio_smys；组：制造与施工缺陷；要求：CONDITIONAL。
engineering_indicator.manufacturing_defects.lack_of_fusion_count_per_km,未熔合缺陷密度,engineering_indicators.observations_by_segment.*.manufacturing_defects.lack_of_fusion_count_per_km,PROJECT_FACT,05_缺陷与维修记录.docx,paragraph,1/km,1/km,IMPORTANT,llm,adaptive_evidence_qra|data_inventory|indicator_coverage,OMIT_AND_RECORD_GAP_NO_SILENT_ZERO,BLOCK_AND_REQUIRE_HUMAN_DECISION,true,number,MANY,FIELD_DICTIONARY,OPTIONAL_CONTRACT_FIELD,NONE,NOT_MAPPED,FIELD_DICTIONARY_SUPPORTED,GENERIC_REVIEW_ASSEMBLY_REQUIRES_ENTITY_CONTAINER,DETERMINISTIC_MAPPING_GAP,工程指标manufacturing_defects.lack_of_fusion_count_per_km；组：制造与施工缺陷；要求：CONDITIONAL。
engineering_indicator.manufacturing_defects.lamination_count_per_km,分层缺陷密度,engineering_indicators.observations_by_segment.*.manufacturing_defects.lamination_count_per_km,PROJECT_FACT,05_缺陷与维修记录.docx,paragraph,1/km,1/km,IMPORTANT,llm,adaptive_evidence_qra|data_inventory|indicator_coverage,OMIT_AND_RECORD_GAP_NO_SILENT_ZERO,BLOCK_AND_REQUIRE_HUMAN_DECISION,true,number,MANY,FIELD_DICTIONARY,OPTIONAL_CONTRACT_FIELD,NONE,NOT_MAPPED,FIELD_DICTIONARY_SUPPORTED,GENERIC_REVIEW_ASSEMBLY_REQUIRES_ENTITY_CONTAINER,DETERMINISTIC_MAPPING_GAP,工程指标manufacturing_defects.lamination_count_per_km；组：制造与施工缺陷；要求：CONDITIONAL。
engineering_indicator.manufacturing_defects.manufacturing_failure_history_count,制造缺陷历史失效次数,engineering_indicators.observations_by_segment.*.manufacturing_defects.manufacturing_failure_history_count,PROJECT_FACT,05_缺陷与维修记录.docx,paragraph,count,count,IMPORTANT,llm,adaptive_evidence_qra|data_inventory|indicator_coverage,OMIT_AND_RECORD_GAP_NO_SILENT_ZERO,BLOCK_AND_REQUIRE_HUMAN_DECISION,true,integer,MANY,FIELD_DICTIONARY,OPTIONAL_CONTRACT_FIELD,NONE,NOT_MAPPED,FIELD_DICTIONARY_SUPPORTED,GENERIC_REVIEW_ASSEMBLY_REQUIRES_ENTITY_CONTAINER,DETERMINISTIC_MAPPING_GAP,工程指标manufacturing_defects.manufacturing_failure_history_count；组：制造与施工缺陷；要求：CONDITIONAL。
engineering_indicator.manufacturing_defects.manufacturing_standard,钢管制造标准,engineering_indicators.observations_by_segment.*.manufacturing_defects.manufacturing_standard,PROJECT_FACT,05_缺陷与维修记录.docx,paragraph,,,IMPORTANT,llm,adaptive_evidence_qra|data_inventory|indicator_coverage,OMIT_AND_RECORD_GAP_NO_SILENT_ZERO,BLOCK_AND_REQUIRE_HUMAN_DECISION,true,string,MANY,FIELD_DICTIONARY,OPTIONAL_CONTRACT_FIELD,NONE,NOT_MAPPED,FIELD_DICTIONARY_SUPPORTED,GENERIC_REVIEW_ASSEMBLY_REQUIRES_ENTITY_CONTAINER,DETERMINISTIC_MAPPING_GAP,工程指标manufacturing_defects.manufacturing_standard；组：制造与施工缺陷；要求：CONDITIONAL。
engineering_indicator.manufacturing_defects.pipe_manufacturer,钢管制造商,engineering_indicators.observations_by_segment.*.manufacturing_defects.pipe_manufacturer,PROJECT_FACT,05_缺陷与维修记录.docx,paragraph,,,IMPORTANT,llm,adaptive_evidence_qra|data_inventory|indicator_coverage,OMIT_AND_RECORD_GAP_NO_SILENT_ZERO,BLOCK_AND_REQUIRE_HUMAN_DECISION,true,string,MANY,FIELD_DICTIONARY,OPTIONAL_CONTRACT_FIELD,NONE,NOT_MAPPED,FIELD_DICTIONARY_SUPPORTED,GENERIC_REVIEW_ASSEMBLY_REQUIRES_ENTITY_CONTAINER,DETERMINISTIC_MAPPING_GAP,工程指标manufacturing_defects.pipe_manufacturer；组：制造与施工缺陷；要求：CONDITIONAL。
engineering_indicator.manufacturing_defects.seam_defect_count_per_km,制管焊缝缺陷密度,engineering_indicators.observations_by_segment.*.manufacturing_defects.seam_defect_count_per_km,PROJECT_FACT,05_缺陷与维修记录.docx,paragraph,1/km,1/km,IMPORTANT,llm,adaptive_evidence_qra|data_inventory|indicator_coverage,OMIT_AND_RECORD_GAP_NO_SILENT_ZERO,BLOCK_AND_REQUIRE_HUMAN_DECISION,true,number,MANY,FIELD_DICTIONARY,OPTIONAL_CONTRACT_FIELD,NONE,NOT_MAPPED,FIELD_DICTIONARY_SUPPORTED,GENERIC_REVIEW_ASSEMBLY_REQUIRES_ENTITY_CONTAINER,DETERMINISTIC_MAPPING_GAP,工程指标manufacturing_defects.seam_defect_count_per_km；组：制造与施工缺陷；要求：CONDITIONAL。
engineering_indicator.manufacturing_defects.slag_inclusion_count_per_km,夹渣缺陷密度,engineering_indicators.observations_by_segment.*.manufacturing_defects.slag_inclusion_count_per_km,PROJECT_FACT,05_缺陷与维修记录.docx,paragraph,1/km,1/km,IMPORTANT,llm,adaptive_evidence_qra|data_inventory|indicator_coverage,OMIT_AND_RECORD_GAP_NO_SILENT_ZERO,BLOCK_AND_REQUIRE_HUMAN_DECISION,true,number,MANY,FIELD_DICTIONARY,OPTIONAL_CONTRACT_FIELD,NONE,NOT_MAPPED,FIELD_DICTIONARY_SUPPORTED,GENERIC_REVIEW_ASSEMBLY_REQUIRES_ENTITY_CONTAINER,DETERMINISTIC_MAPPING_GAP,工程指标manufacturing_defects.slag_inclusion_count_per_km；组：制造与施工缺陷；要求：CONDITIONAL。
engineering_indicator.manufacturing_defects.weld_crack_count_per_km,焊接裂纹密度,engineering_indicators.observations_by_segment.*.manufacturing_defects.weld_crack_count_per_km,PROJECT_FACT,05_缺陷与维修记录.docx,paragraph,1/km,1/km,IMPORTANT,llm,adaptive_evidence_qra|data_inventory|indicator_coverage,OMIT_AND_RECORD_GAP_NO_SILENT_ZERO,BLOCK_AND_REQUIRE_HUMAN_DECISION,true,number,MANY,FIELD_DICTIONARY,OPTIONAL_CONTRACT_FIELD,NONE,NOT_MAPPED,FIELD_DICTIONARY_SUPPORTED,GENERIC_REVIEW_ASSEMBLY_REQUIRES_ENTITY_CONTAINER,DETERMINISTIC_MAPPING_GAP,工程指标manufacturing_defects.weld_crack_count_per_km；组：制造与施工缺陷；要求：CONDITIONAL。
engineering_indicator.manufacturing_defects.wrinkle_bend_present,褶皱弯管存在,engineering_indicators.observations_by_segment.*.manufacturing_defects.wrinkle_bend_present,PROJECT_FACT,05_缺陷与维修记录.docx,paragraph,,,IMPORTANT,llm,adaptive_evidence_qra|data_inventory|indicator_coverage,OMIT_AND_RECORD_GAP_NO_SILENT_ZERO,BLOCK_AND_REQUIRE_HUMAN_DECISION,true,boolean,MANY,FIELD_DICTIONARY,OPTIONAL_CONTRACT_FIELD,NONE,NOT_MAPPED,FIELD_DICTIONARY_SUPPORTED,GENERIC_REVIEW_ASSEMBLY_REQUIRES_ENTITY_CONTAINER,DETERMINISTIC_MAPPING_GAP,工程指标manufacturing_defects.wrinkle_bend_present；组：制造与施工缺陷；要求：CONDITIONAL。
engineering_indicator.operation_medium.flow_velocity_m_s,流速,engineering_indicators.observations_by_segment.*.operation_medium.flow_velocity_m_s,PROJECT_FACT,02_运行工况.csv,cell,m/s,m/s,IMPORTANT,deterministic,adaptive_evidence_qra|data_inventory|indicator_coverage,OMIT_AND_RECORD_GAP_NO_SILENT_ZERO,BLOCK_AND_REQUIRE_HUMAN_DECISION,true,number,MANY,FIELD_DICTIONARY,OPTIONAL_CONTRACT_FIELD,NONE,NOT_MAPPED,FIELD_DICTIONARY_SUPPORTED,GENERIC_REVIEW_ASSEMBLY_REQUIRES_ENTITY_CONTAINER,DETERMINISTIC_MAPPING_GAP,工程指标operation_medium.flow_velocity_m_s；组：运行工况与输送介质；要求：CONDITIONAL。
engineering_indicator.operation_medium.gas_h2s_fraction,硫化氢摩尔分数,engineering_indicators.observations_by_segment.*.operation_medium.gas_h2s_fraction,PROJECT_FACT,02_运行工况.csv,cell,%,fraction,IMPORTANT,deterministic,adaptive_evidence_qra|data_inventory|indicator_coverage,OMIT_AND_RECORD_GAP_NO_SILENT_ZERO,BLOCK_AND_REQUIRE_HUMAN_DECISION,true,number,MANY,FIELD_DICTIONARY,OPTIONAL_CONTRACT_FIELD,NONE,NOT_MAPPED,FIELD_DICTIONARY_SUPPORTED,GENERIC_REVIEW_ASSEMBLY_REQUIRES_ENTITY_CONTAINER,DETERMINISTIC_MAPPING_GAP,工程指标operation_medium.gas_h2s_fraction；组：运行工况与输送介质；要求：CONDITIONAL。
engineering_indicator.operation_medium.gas_water_content_mg_m3,天然气含水量,engineering_indicators.observations_by_segment.*.operation_medium.gas_water_content_mg_m3,PROJECT_FACT,02_运行工况.csv,cell,mg/m3,mg/m3,IMPORTANT,deterministic,adaptive_evidence_qra|data_inventory|indicator_coverage,OMIT_AND_RECORD_GAP_NO_SILENT_ZERO,BLOCK_AND_REQUIRE_HUMAN_DECISION,true,number,MANY,FIELD_DICTIONARY,OPTIONAL_CONTRACT_FIELD,NONE,NOT_MAPPED,FIELD_DICTIONARY_SUPPORTED,GENERIC_REVIEW_ASSEMBLY_REQUIRES_ENTITY_CONTAINER,DETERMINISTIC_MAPPING_GAP,工程指标operation_medium.gas_water_content_mg_m3；组：运行工况与输送介质；要求：CONDITIONAL。
engineering_indicator.operation_medium.hydrocarbon_dew_point_k,烃露点,engineering_indicators.observations_by_segment.*.operation_medium.hydrocarbon_dew_point_k,PROJECT_FACT,02_运行工况.csv,cell,°C,K,IMPORTANT,deterministic,adaptive_evidence_qra|data_inventory|indicator_coverage,OMIT_AND_RECORD_GAP_NO_SILENT_ZERO,BLOCK_AND_REQUIRE_HUMAN_DECISION,true,number,MANY,FIELD_DICTIONARY,OPTIONAL_CONTRACT_FIELD,NONE,NOT_MAPPED,FIELD_DICTIONARY_SUPPORTED,GENERIC_REVIEW_ASSEMBLY_REQUIRES_ENTITY_CONTAINER,DETERMINISTIC_MAPPING_GAP,工程指标operation_medium.hydrocarbon_dew_point_k；组：运行工况与输送介质；要求：CONDITIONAL。
engineering_indicator.operation_medium.liquid_carryover_events_per_year,液体夹带事件次数,engineering_indicators.observations_by_segment.*.operation_medium.liquid_carryover_events_per_year,PROJECT_FACT,02_运行工况.csv,cell,1/year,1/year,IMPORTANT,deterministic,adaptive_evidence_qra|data_inventory|indicator_coverage,OMIT_AND_RECORD_GAP_NO_SILENT_ZERO,BLOCK_AND_REQUIRE_HUMAN_DECISION,true,number,MANY,FIELD_DICTIONARY,OPTIONAL_CONTRACT_FIELD,NONE,NOT_MAPPED,FIELD_DICTIONARY_SUPPORTED,GENERIC_REVIEW_ASSEMBLY_REQUIRES_ENTITY_CONTAINER,DETERMINISTIC_MAPPING_GAP,工程指标operation_medium.liquid_carryover_events_per_year；组：运行工况与输送介质；要求：CONDITIONAL。
engineering_indicator.operation_medium.maximum_operating_pressure_mpa,历史最高运行压力,engineering_indicators.observations_by_segment.*.operation_medium.maximum_operating_pressure_mpa,PROJECT_FACT,02_运行工况.csv,cell,MPa,MPa,IMPORTANT,deterministic,adaptive_evidence_qra|data_inventory|indicator_coverage,OMIT_AND_RECORD_GAP_NO_SILENT_ZERO,BLOCK_AND_REQUIRE_HUMAN_DECISION,true,number,MANY,FIELD_DICTIONARY,OPTIONAL_CONTRACT_FIELD,NONE,NOT_MAPPED,FIELD_DICTIONARY_SUPPORTED,GENERIC_REVIEW_ASSEMBLY_REQUIRES_ENTITY_CONTAINER,DETERMINISTIC_MAPPING_GAP,工程指标operation_medium.maximum_operating_pressure_mpa；组：运行工况与输送介质；要求：CONDITIONAL。
engineering_indicator.operation_medium.minimum_operating_pressure_mpa,历史最低运行压力,engineering_indicators.observations_by_segment.*.operation_medium.minimum_operating_pressure_mpa,PROJECT_FACT,02_运行工况.csv,cell,MPa,MPa,IMPORTANT,deterministic,adaptive_evidence_qra|data_inventory|indicator_coverage,OMIT_AND_RECORD_GAP_NO_SILENT_ZERO,BLOCK_AND_REQUIRE_HUMAN_DECISION,true,number,MANY,FIELD_DICTIONARY,OPTIONAL_CONTRACT_FIELD,NONE,NOT_MAPPED,FIELD_DICTIONARY_SUPPORTED,GENERIC_REVIEW_ASSEMBLY_REQUIRES_ENTITY_CONTAINER,DETERMINISTIC_MAPPING_GAP,工程指标operation_medium.minimum_operating_pressure_mpa；组：运行工况与输送介质；要求：CONDITIONAL。
engineering_indicator.operation_medium.overpressure_events_per_year,年超压次数,engineering_indicators.observations_by_segment.*.operation_medium.overpressure_events_per_year,PROJECT_FACT,02_运行工况.csv,cell,1/year,1/year,IMPORTANT,deterministic,adaptive_evidence_qra|data_inventory|indicator_coverage,OMIT_AND_RECORD_GAP_NO_SILENT_ZERO,BLOCK_AND_REQUIRE_HUMAN_DECISION,true,number,MANY,FIELD_DICTIONARY,OPTIONAL_CONTRACT_FIELD,NONE,NOT_MAPPED,FIELD_DICTIONARY_SUPPORTED,GENERIC_REVIEW_ASSEMBLY_REQUIRES_ENTITY_CONTAINER,DETERMINISTIC_MAPPING_GAP,工程指标operation_medium.overpressure_events_per_year；组：运行工况与输送介质；要求：CONDITIONAL。
engineering_indicator.operation_medium.pressure_cycle_count_per_year,年压力循环次数,engineering_indicators.observations_by_segment.*.operation_medium.pressure_cycle_count_per_year,PROJECT_FACT,02_运行工况.csv,cell,1/year,1/year,IMPORTANT,deterministic,adaptive_evidence_qra|data_inventory|indicator_coverage,OMIT_AND_RECORD_GAP_NO_SILENT_ZERO,BLOCK_AND_REQUIRE_HUMAN_DECISION,true,number,MANY,FIELD_DICTIONARY,OPTIONAL_CONTRACT_FIELD,NONE,NOT_MAPPED,FIELD_DICTIONARY_SUPPORTED,GENERIC_REVIEW_ASSEMBLY_REQUIRES_ENTITY_CONTAINER,DETERMINISTIC_MAPPING_GAP,工程指标operation_medium.pressure_cycle_count_per_year；组：运行工况与输送介质；要求：CONDITIONAL。
engineering_indicator.operation_medium.pressure_cycle_range_mpa,压力循环幅值,engineering_indicators.observations_by_segment.*.operation_medium.pressure_cycle_range_mpa,PROJECT_FACT,02_运行工况.csv,cell,MPa,MPa,IMPORTANT,deterministic,adaptive_evidence_qra|data_inventory|indicator_coverage,OMIT_AND_RECORD_GAP_NO_SILENT_ZERO,BLOCK_AND_REQUIRE_HUMAN_DECISION,true,number,MANY,FIELD_DICTIONARY,OPTIONAL_CONTRACT_FIELD,NONE,NOT_MAPPED,FIELD_DICTIONARY_SUPPORTED,GENERIC_REVIEW_ASSEMBLY_REQUIRES_ENTITY_CONTAINER,DETERMINISTIC_MAPPING_GAP,工程指标operation_medium.pressure_cycle_range_mpa；组：运行工况与输送介质；要求：CONDITIONAL。
engineering_indicator.operation_medium.shutdown_events_per_year,年停输次数,engineering_indicators.observations_by_segment.*.operation_medium.shutdown_events_per_year,PROJECT_FACT,02_运行工况.csv,cell,1/year,1/year,IMPORTANT,deterministic,adaptive_evidence_qra|data_inventory|indicator_coverage,OMIT_AND_RECORD_GAP_NO_SILENT_ZERO,BLOCK_AND_REQUIRE_HUMAN_DECISION,true,number,MANY,FIELD_DICTIONARY,OPTIONAL_CONTRACT_FIELD,NONE,NOT_MAPPED,FIELD_DICTIONARY_SUPPORTED,GENERIC_REVIEW_ASSEMBLY_REQUIRES_ENTITY_CONTAINER,DETERMINISTIC_MAPPING_GAP,工程指标operation_medium.shutdown_events_per_year；组：运行工况与输送介质；要求：CONDITIONAL。
engineering_indicator.operation_medium.throughput_m3_d,日输量,engineering_indicators.observations_by_segment.*.operation_medium.throughput_m3_d,PROJECT_FACT,02_运行工况.csv,cell,m3/d,m3/d,IMPORTANT,deterministic,adaptive_evidence_qra|data_inventory|indicator_coverage,OMIT_AND_RECORD_GAP_NO_SILENT_ZERO,BLOCK_AND_REQUIRE_HUMAN_DECISION,true,number,MANY,FIELD_DICTIONARY,OPTIONAL_CONTRACT_FIELD,NONE,NOT_MAPPED,FIELD_DICTIONARY_SUPPORTED,GENERIC_REVIEW_ASSEMBLY_REQUIRES_ENTITY_CONTAINER,DETERMINISTIC_MAPPING_GAP,工程指标operation_medium.throughput_m3_d；组：运行工况与输送介质；要求：CONDITIONAL。
engineering_indicator.operation_medium.water_dew_point_k,水露点,engineering_indicators.observations_by_segment.*.operation_medium.water_dew_point_k,PROJECT_FACT,02_运行工况.csv,cell,°C,K,IMPORTANT,deterministic,adaptive_evidence_qra|data_inventory|indicator_coverage,OMIT_AND_RECORD_GAP_NO_SILENT_ZERO,BLOCK_AND_REQUIRE_HUMAN_DECISION,true,number,MANY,FIELD_DICTIONARY,OPTIONAL_CONTRACT_FIELD,NONE,NOT_MAPPED,FIELD_DICTIONARY_SUPPORTED,GENERIC_REVIEW_ASSEMBLY_REQUIRES_ENTITY_CONTAINER,DETERMINISTIC_MAPPING_GAP,工程指标operation_medium.water_dew_point_k；组：运行工况与输送介质；要求：CONDITIONAL。
engineering_indicator.scc_fatigue.crack_ili_coverage_fraction,裂纹内检测覆盖率,engineering_indicators.observations_by_segment.*.scc_fatigue.crack_ili_coverage_fraction,PROJECT_FACT,05_缺陷与维修记录.docx,paragraph,%,fraction,IMPORTANT,llm,adaptive_evidence_qra|data_inventory|indicator_coverage,OMIT_AND_RECORD_GAP_NO_SILENT_ZERO,BLOCK_AND_REQUIRE_HUMAN_DECISION,true,number,MANY,FIELD_DICTIONARY,OPTIONAL_CONTRACT_FIELD,NONE,NOT_MAPPED,FIELD_DICTIONARY_SUPPORTED,GENERIC_REVIEW_ASSEMBLY_REQUIRES_ENTITY_CONTAINER,DETERMINISTIC_MAPPING_GAP,工程指标scc_fatigue.crack_ili_coverage_fraction；组：应力腐蚀开裂与疲劳；要求：CONDITIONAL。
engineering_indicator.scc_fatigue.crack_indication_count_per_km,裂纹指示密度,engineering_indicators.observations_by_segment.*.scc_fatigue.crack_indication_count_per_km,PROJECT_FACT,05_缺陷与维修记录.docx,paragraph,1/km,1/km,IMPORTANT,llm,adaptive_evidence_qra|data_inventory|indicator_coverage,OMIT_AND_RECORD_GAP_NO_SILENT_ZERO,BLOCK_AND_REQUIRE_HUMAN_DECISION,true,number,MANY,FIELD_DICTIONARY,OPTIONAL_CONTRACT_FIELD,NONE,NOT_MAPPED,FIELD_DICTIONARY_SUPPORTED,GENERIC_REVIEW_ASSEMBLY_REQUIRES_ENTITY_CONTAINER,DETERMINISTIC_MAPPING_GAP,工程指标scc_fatigue.crack_indication_count_per_km；组：应力腐蚀开裂与疲劳；要求：CONDITIONAL。
engineering_indicator.scc_fatigue.fatigue_usage_factor,疲劳累积使用系数,engineering_indicators.observations_by_segment.*.scc_fatigue.fatigue_usage_factor,PROJECT_FACT,05_缺陷与维修记录.docx,paragraph,,,IMPORTANT,llm,adaptive_evidence_qra|data_inventory|indicator_coverage,OMIT_AND_RECORD_GAP_NO_SILENT_ZERO,BLOCK_AND_REQUIRE_HUMAN_DECISION,true,number,MANY,FIELD_DICTIONARY,OPTIONAL_CONTRACT_FIELD,NONE,NOT_MAPPED,FIELD_DICTIONARY_SUPPORTED,GENERIC_REVIEW_ASSEMBLY_REQUIRES_ENTITY_CONTAINER,DETERMINISTIC_MAPPING_GAP,工程指标scc_fatigue.fatigue_usage_factor；组：应力腐蚀开裂与疲劳；要求：CONDITIONAL。
engineering_indicator.scc_fatigue.high_ph_scc_environment,高pH SCC环境,engineering_indicators.observations_by_segment.*.scc_fatigue.high_ph_scc_environment,PROJECT_FACT,05_缺陷与维修记录.docx,paragraph,,,IMPORTANT,llm,adaptive_evidence_qra|data_inventory|indicator_coverage,OMIT_AND_RECORD_GAP_NO_SILENT_ZERO,BLOCK_AND_REQUIRE_HUMAN_DECISION,true,boolean,MANY,FIELD_DICTIONARY,OPTIONAL_CONTRACT_FIELD,NONE,NOT_MAPPED,FIELD_DICTIONARY_SUPPORTED,GENERIC_REVIEW_ASSEMBLY_REQUIRES_ENTITY_CONTAINER,DETERMINISTIC_MAPPING_GAP,工程指标scc_fatigue.high_ph_scc_environment；组：应力腐蚀开裂与疲劳；要求：CONDITIONAL。
engineering_indicator.scc_fatigue.maximum_crack_depth_ratio,最大裂纹深度比,engineering_indicators.observations_by_segment.*.scc_fatigue.maximum_crack_depth_ratio,PROJECT_FACT,05_缺陷与维修记录.docx,paragraph,,,IMPORTANT,llm,adaptive_evidence_qra|data_inventory|indicator_coverage,OMIT_AND_RECORD_GAP_NO_SILENT_ZERO,BLOCK_AND_REQUIRE_HUMAN_DECISION,true,number,MANY,FIELD_DICTIONARY,OPTIONAL_CONTRACT_FIELD,NONE,NOT_MAPPED,FIELD_DICTIONARY_SUPPORTED,GENERIC_REVIEW_ASSEMBLY_REQUIRES_ENTITY_CONTAINER,DETERMINISTIC_MAPPING_GAP,工程指标scc_fatigue.maximum_crack_depth_ratio；组：应力腐蚀开裂与疲劳；要求：CONDITIONAL。
engineering_indicator.scc_fatigue.maximum_crack_length_mm,最大裂纹长度,engineering_indicators.observations_by_segment.*.scc_fatigue.maximum_crack_length_mm,PROJECT_FACT,05_缺陷与维修记录.docx,paragraph,mm,mm,IMPORTANT,llm,adaptive_evidence_qra|data_inventory|indicator_coverage,OMIT_AND_RECORD_GAP_NO_SILENT_ZERO,BLOCK_AND_REQUIRE_HUMAN_DECISION,true,number,MANY,FIELD_DICTIONARY,OPTIONAL_CONTRACT_FIELD,NONE,NOT_MAPPED,FIELD_DICTIONARY_SUPPORTED,GENERIC_REVIEW_ASSEMBLY_REQUIRES_ENTITY_CONTAINER,DETERMINISTIC_MAPPING_GAP,工程指标scc_fatigue.maximum_crack_length_mm；组：应力腐蚀开裂与疲劳；要求：CONDITIONAL。
engineering_indicator.scc_fatigue.near_neutral_ph_scc_environment,近中性pH SCC环境,engineering_indicators.observations_by_segment.*.scc_fatigue.near_neutral_ph_scc_environment,PROJECT_FACT,05_缺陷与维修记录.docx,paragraph,,,IMPORTANT,llm,adaptive_evidence_qra|data_inventory|indicator_coverage,OMIT_AND_RECORD_GAP_NO_SILENT_ZERO,BLOCK_AND_REQUIRE_HUMAN_DECISION,true,boolean,MANY,FIELD_DICTIONARY,OPTIONAL_CONTRACT_FIELD,NONE,NOT_MAPPED,FIELD_DICTIONARY_SUPPORTED,GENERIC_REVIEW_ASSEMBLY_REQUIRES_ENTITY_CONTAINER,DETERMINISTIC_MAPPING_GAP,工程指标scc_fatigue.near_neutral_ph_scc_environment；组：应力腐蚀开裂与疲劳；要求：CONDITIONAL。
engineering_indicator.scc_fatigue.pressure_fluctuation_index,压力波动指数,engineering_indicators.observations_by_segment.*.scc_fatigue.pressure_fluctuation_index,PROJECT_FACT,05_缺陷与维修记录.docx,paragraph,,,IMPORTANT,llm,adaptive_evidence_qra|data_inventory|indicator_coverage,OMIT_AND_RECORD_GAP_NO_SILENT_ZERO,BLOCK_AND_REQUIRE_HUMAN_DECISION,true,number,MANY,FIELD_DICTIONARY,OPTIONAL_CONTRACT_FIELD,NONE,NOT_MAPPED,FIELD_DICTIONARY_SUPPORTED,GENERIC_REVIEW_ASSEMBLY_REQUIRES_ENTITY_CONTAINER,DETERMINISTIC_MAPPING_GAP,工程指标scc_fatigue.pressure_fluctuation_index；组：应力腐蚀开裂与疲劳；要求：CONDITIONAL。
engineering_indicator.scc_fatigue.scc_failure_history_count,SCC历史失效次数,engineering_indicators.observations_by_segment.*.scc_fatigue.scc_failure_history_count,PROJECT_FACT,05_缺陷与维修记录.docx,paragraph,count,count,IMPORTANT,llm,adaptive_evidence_qra|data_inventory|indicator_coverage,OMIT_AND_RECORD_GAP_NO_SILENT_ZERO,BLOCK_AND_REQUIRE_HUMAN_DECISION,true,integer,MANY,FIELD_DICTIONARY,OPTIONAL_CONTRACT_FIELD,NONE,NOT_MAPPED,FIELD_DICTIONARY_SUPPORTED,GENERIC_REVIEW_ASSEMBLY_REQUIRES_ENTITY_CONTAINER,DETERMINISTIC_MAPPING_GAP,工程指标scc_fatigue.scc_failure_history_count；组：应力腐蚀开裂与疲劳；要求：CONDITIONAL。
engineering_indicator.scc_fatigue.scc_susceptible_coating,SCC敏感防腐层,engineering_indicators.observations_by_segment.*.scc_fatigue.scc_susceptible_coating,PROJECT_FACT,05_缺陷与维修记录.docx,paragraph,,,IMPORTANT,llm,adaptive_evidence_qra|data_inventory|indicator_coverage,OMIT_AND_RECORD_GAP_NO_SILENT_ZERO,BLOCK_AND_REQUIRE_HUMAN_DECISION,true,boolean,MANY,FIELD_DICTIONARY,OPTIONAL_CONTRACT_FIELD,NONE,NOT_MAPPED,FIELD_DICTIONARY_SUPPORTED,GENERIC_REVIEW_ASSEMBLY_REQUIRES_ENTITY_CONTAINER,DETERMINISTIC_MAPPING_GAP,工程指标scc_fatigue.scc_susceptible_coating；组：应力腐蚀开裂与疲劳；要求：CONDITIONAL。
engineering_indicator.scc_fatigue.scc_susceptible_temperature,SCC敏感温度条件,engineering_indicators.observations_by_segment.*.scc_fatigue.scc_susceptible_temperature,PROJECT_FACT,05_缺陷与维修记录.docx,paragraph,,,IMPORTANT,llm,adaptive_evidence_qra|data_inventory|indicator_coverage,OMIT_AND_RECORD_GAP_NO_SILENT_ZERO,BLOCK_AND_REQUIRE_HUMAN_DECISION,true,boolean,MANY,FIELD_DICTIONARY,OPTIONAL_CONTRACT_FIELD,NONE,NOT_MAPPED,FIELD_DICTIONARY_SUPPORTED,GENERIC_REVIEW_ASSEMBLY_REQUIRES_ENTITY_CONTAINER,DETERMINISTIC_MAPPING_GAP,工程指标scc_fatigue.scc_susceptible_temperature；组：应力腐蚀开裂与疲劳；要求：CONDITIONAL。
engineering_indicator.scc_fatigue.stress_level_fraction_smys,运行应力占SMYS比例,engineering_indicators.observations_by_segment.*.scc_fatigue.stress_level_fraction_smys,PROJECT_FACT,05_缺陷与维修记录.docx,paragraph,,,IMPORTANT,llm,adaptive_evidence_qra|data_inventory|indicator_coverage,OMIT_AND_RECORD_GAP_NO_SILENT_ZERO,BLOCK_AND_REQUIRE_HUMAN_DECISION,true,number,MANY,FIELD_DICTIONARY,OPTIONAL_CONTRACT_FIELD,NONE,NOT_MAPPED,FIELD_DICTIONARY_SUPPORTED,GENERIC_REVIEW_ASSEMBLY_REQUIRES_ENTITY_CONTAINER,DETERMINISTIC_MAPPING_GAP,工程指标scc_fatigue.stress_level_fraction_smys；组：应力腐蚀开裂与疲劳；要求：CONDITIONAL。
engineering_indicator.third_party.construction_crossing_count_per_km,施工交叉点密度,engineering_indicators.observations_by_segment.*.third_party.construction_crossing_count_per_km,PROJECT_FACT,06_第三方与巡线记录.xlsx,cell,1/km,1/km,IMPORTANT,deterministic,adaptive_evidence_qra|data_inventory|indicator_coverage,OMIT_AND_RECORD_GAP_NO_SILENT_ZERO,BLOCK_AND_REQUIRE_HUMAN_DECISION,true,number,MANY,FIELD_DICTIONARY,OPTIONAL_CONTRACT_FIELD,NONE,RAW_CATEGORY_BRIDGE_AVAILABLE,FIELD_DICTIONARY_SUPPORTED,GENERIC_REVIEW_ASSEMBLY_REQUIRES_ENTITY_CONTAINER,NONE,工程指标third_party.construction_crossing_count_per_km；组：第三方损伤与占压活动；要求：CONDITIONAL。
engineering_indicator.third_party.excavation_events_per_km_year,开挖活动密度,engineering_indicators.observations_by_segment.*.third_party.excavation_events_per_km_year,PROJECT_FACT,06_第三方与巡线记录.xlsx,cell,1/(km*year),1/(km*year),IMPORTANT,deterministic,adaptive_evidence_qra|data_inventory|indicator_coverage,OMIT_AND_RECORD_GAP_NO_SILENT_ZERO,BLOCK_AND_REQUIRE_HUMAN_DECISION,true,number,MANY,FIELD_DICTIONARY,OPTIONAL_CONTRACT_FIELD,NONE,RAW_CATEGORY_BRIDGE_AVAILABLE,FIELD_DICTIONARY_SUPPORTED,GENERIC_REVIEW_ASSEMBLY_REQUIRES_ENTITY_CONTAINER,NONE,工程指标third_party.excavation_events_per_km_year；组：第三方损伤与占压活动；要求：CONDITIONAL。
engineering_indicator.third_party.illegal_occupation_count,违章占压数量,engineering_indicators.observations_by_segment.*.third_party.illegal_occupation_count,PROJECT_FACT,06_第三方与巡线记录.xlsx,cell,count,count,IMPORTANT,deterministic,adaptive_evidence_qra|data_inventory|indicator_coverage,OMIT_AND_RECORD_GAP_NO_SILENT_ZERO,BLOCK_AND_REQUIRE_HUMAN_DECISION,true,integer,MANY,FIELD_DICTIONARY,OPTIONAL_CONTRACT_FIELD,NONE,RAW_CATEGORY_BRIDGE_AVAILABLE,FIELD_DICTIONARY_SUPPORTED,GENERIC_REVIEW_ASSEMBLY_REQUIRES_ENTITY_CONTAINER,NONE,工程指标third_party.illegal_occupation_count；组：第三方损伤与占压活动；要求：CONDITIONAL。
engineering_indicator.third_party.land_use_type,土地利用类型,engineering_indicators.observations_by_segment.*.third_party.land_use_type,PROJECT_FACT,06_第三方与巡线记录.xlsx,cell,,,IMPORTANT,deterministic,adaptive_evidence_qra|data_inventory|indicator_coverage,OMIT_AND_RECORD_GAP_NO_SILENT_ZERO,BLOCK_AND_REQUIRE_HUMAN_DECISION,true,string,MANY,FIELD_DICTIONARY,OPTIONAL_CONTRACT_FIELD,NONE,RAW_CATEGORY_BRIDGE_AVAILABLE,FIELD_DICTIONARY_SUPPORTED,GENERIC_REVIEW_ASSEMBLY_REQUIRES_ENTITY_CONTAINER,NONE,工程指标third_party.land_use_type；组：第三方损伤与占压活动；要求：REQUIRED。
engineering_indicator.third_party.marker_condition_fraction,标志完好率,engineering_indicators.observations_by_segment.*.third_party.marker_condition_fraction,PROJECT_FACT,06_第三方与巡线记录.xlsx,cell,%,fraction,IMPORTANT,deterministic,adaptive_evidence_qra|data_inventory|indicator_coverage,OMIT_AND_RECORD_GAP_NO_SILENT_ZERO,BLOCK_AND_REQUIRE_HUMAN_DECISION,true,number,MANY,FIELD_DICTIONARY,OPTIONAL_CONTRACT_FIELD,NONE,RAW_CATEGORY_BRIDGE_AVAILABLE,FIELD_DICTIONARY_SUPPORTED,GENERIC_REVIEW_ASSEMBLY_REQUIRES_ENTITY_CONTAINER,NONE,工程指标third_party.marker_condition_fraction；组：第三方损伤与占压活动；要求：CONDITIONAL。
engineering_indicator.third_party.marker_density_per_km,标志桩密度,engineering_indicators.observations_by_segment.*.third_party.marker_density_per_km,PROJECT_FACT,06_第三方与巡线记录.xlsx,cell,1/km,1/km,IMPORTANT,deterministic,adaptive_evidence_qra|data_inventory|indicator_coverage,OMIT_AND_RECORD_GAP_NO_SILENT_ZERO,BLOCK_AND_REQUIRE_HUMAN_DECISION,true,number,MANY,FIELD_DICTIONARY,OPTIONAL_CONTRACT_FIELD,NONE,RAW_CATEGORY_BRIDGE_AVAILABLE,FIELD_DICTIONARY_SUPPORTED,GENERIC_REVIEW_ASSEMBLY_REQUIRES_ENTITY_CONTAINER,NONE,工程指标third_party.marker_density_per_km；组：第三方损伤与占压活动；要求：CONDITIONAL。
engineering_indicator.third_party.one_call_system_available,施工信息协同机制可用,engineering_indicators.observations_by_segment.*.third_party.one_call_system_available,PROJECT_FACT,06_第三方与巡线记录.xlsx,cell,,,IMPORTANT,deterministic,adaptive_evidence_qra|data_inventory|indicator_coverage,OMIT_AND_RECORD_GAP_NO_SILENT_ZERO,BLOCK_AND_REQUIRE_HUMAN_DECISION,true,boolean,MANY,FIELD_DICTIONARY,OPTIONAL_CONTRACT_FIELD,NONE,RAW_CATEGORY_BRIDGE_AVAILABLE,FIELD_DICTIONARY_SUPPORTED,GENERIC_REVIEW_ASSEMBLY_REQUIRES_ENTITY_CONTAINER,NONE,工程指标third_party.one_call_system_available；组：第三方损伤与占压活动；要求：CONDITIONAL。
engineering_indicator.third_party.patrol_completion_fraction,巡线完成率,engineering_indicators.observations_by_segment.*.third_party.patrol_completion_fraction,PROJECT_FACT,06_第三方与巡线记录.xlsx,cell,%,fraction,IMPORTANT,deterministic,adaptive_evidence_qra|data_inventory|indicator_coverage,OMIT_AND_RECORD_GAP_NO_SILENT_ZERO,BLOCK_AND_REQUIRE_HUMAN_DECISION,true,number,MANY,FIELD_DICTIONARY,OPTIONAL_CONTRACT_FIELD,NONE,RAW_CATEGORY_BRIDGE_AVAILABLE,FIELD_DICTIONARY_SUPPORTED,GENERIC_REVIEW_ASSEMBLY_REQUIRES_ENTITY_CONTAINER,NONE,工程指标third_party.patrol_completion_fraction；组：第三方损伤与占压活动；要求：CONDITIONAL。
engineering_indicator.third_party.patrol_interval_days,巡线周期,engineering_indicators.observations_by_segment.*.third_party.patrol_interval_days,PROJECT_FACT,06_第三方与巡线记录.xlsx,cell,day,day,IMPORTANT,deterministic,adaptive_evidence_qra|data_inventory|indicator_coverage,OMIT_AND_RECORD_GAP_NO_SILENT_ZERO,BLOCK_AND_REQUIRE_HUMAN_DECISION,true,number,MANY,FIELD_DICTIONARY,OPTIONAL_CONTRACT_FIELD,NONE,RAW_CATEGORY_BRIDGE_AVAILABLE,FIELD_DICTIONARY_SUPPORTED,GENERIC_REVIEW_ASSEMBLY_REQUIRES_ENTITY_CONTAINER,NONE,工程指标third_party.patrol_interval_days；组：第三方损伤与占压活动；要求：CONDITIONAL。
engineering_indicator.third_party.public_awareness_activities_per_year,管道保护宣传次数,engineering_indicators.observations_by_segment.*.third_party.public_awareness_activities_per_year,PROJECT_FACT,06_第三方与巡线记录.xlsx,cell,1/year,1/year,IMPORTANT,deterministic,adaptive_evidence_qra|data_inventory|indicator_coverage,OMIT_AND_RECORD_GAP_NO_SILENT_ZERO,BLOCK_AND_REQUIRE_HUMAN_DECISION,true,number,MANY,FIELD_DICTIONARY,OPTIONAL_CONTRACT_FIELD,NONE,RAW_CATEGORY_BRIDGE_AVAILABLE,FIELD_DICTIONARY_SUPPORTED,GENERIC_REVIEW_ASSEMBLY_REQUIRES_ENTITY_CONTAINER,NONE,工程指标third_party.public_awareness_activities_per_year；组：第三方损伤与占压活动；要求：CONDITIONAL。
engineering_indicator.third_party.railway_crossing_count_per_km,铁路穿越密度,engineering_indicators.observations_by_segment.*.third_party.railway_crossing_count_per_km,PROJECT_FACT,06_第三方与巡线记录.xlsx,cell,1/km,1/km,IMPORTANT,deterministic,adaptive_evidence_qra|data_inventory|indicator_coverage,OMIT_AND_RECORD_GAP_NO_SILENT_ZERO,BLOCK_AND_REQUIRE_HUMAN_DECISION,true,number,MANY,FIELD_DICTIONARY,OPTIONAL_CONTRACT_FIELD,NONE,RAW_CATEGORY_BRIDGE_AVAILABLE,FIELD_DICTIONARY_SUPPORTED,GENERIC_REVIEW_ASSEMBLY_REQUIRES_ENTITY_CONTAINER,NONE,工程指标third_party.railway_crossing_count_per_km；组：第三方损伤与占压活动；要求：CONDITIONAL。
engineering_indicator.third_party.river_crossing_count_per_km,河流穿越密度,engineering_indicators.observations_by_segment.*.third_party.river_crossing_count_per_km,PROJECT_FACT,06_第三方与巡线记录.xlsx,cell,1/km,1/km,IMPORTANT,deterministic,adaptive_evidence_qra|data_inventory|indicator_coverage,OMIT_AND_RECORD_GAP_NO_SILENT_ZERO,BLOCK_AND_REQUIRE_HUMAN_DECISION,true,number,MANY,FIELD_DICTIONARY,OPTIONAL_CONTRACT_FIELD,NONE,RAW_CATEGORY_BRIDGE_AVAILABLE,FIELD_DICTIONARY_SUPPORTED,GENERIC_REVIEW_ASSEMBLY_REQUIRES_ENTITY_CONTAINER,NONE,工程指标third_party.river_crossing_count_per_km；组：第三方损伤与占压活动；要求：CONDITIONAL。
engineering_indicator.third_party.road_crossing_count_per_km,道路穿越密度,engineering_indicators.observations_by_segment.*.third_party.road_crossing_count_per_km,PROJECT_FACT,06_第三方与巡线记录.xlsx,cell,1/km,1/km,IMPORTANT,deterministic,adaptive_evidence_qra|data_inventory|indicator_coverage,OMIT_AND_RECORD_GAP_NO_SILENT_ZERO,BLOCK_AND_REQUIRE_HUMAN_DECISION,true,number,MANY,FIELD_DICTIONARY,OPTIONAL_CONTRACT_FIELD,NONE,RAW_CATEGORY_BRIDGE_AVAILABLE,FIELD_DICTIONARY_SUPPORTED,GENERIC_REVIEW_ASSEMBLY_REQUIRES_ENTITY_CONTAINER,NONE,工程指标third_party.road_crossing_count_per_km；组：第三方损伤与占压活动；要求：CONDITIONAL。
engineering_indicator.third_party.third_party_damage_history_count,第三方损伤历史次数,engineering_indicators.observations_by_segment.*.third_party.third_party_damage_history_count,PROJECT_FACT,06_第三方与巡线记录.xlsx,cell,count,count,IMPORTANT,deterministic,adaptive_evidence_qra|data_inventory|indicator_coverage,OMIT_AND_RECORD_GAP_NO_SILENT_ZERO,BLOCK_AND_REQUIRE_HUMAN_DECISION,true,integer,MANY,FIELD_DICTIONARY,OPTIONAL_CONTRACT_FIELD,NONE,RAW_CATEGORY_BRIDGE_AVAILABLE,FIELD_DICTIONARY_SUPPORTED,GENERIC_REVIEW_ASSEMBLY_REQUIRES_ENTITY_CONTAINER,NONE,工程指标third_party.third_party_damage_history_count；组：第三方损伤与占压活动；要求：CONDITIONAL。
engineering_indicator.valve_control.automatic_shutdown_available,自动切断可用,engineering_indicators.observations_by_segment.*.valve_control.automatic_shutdown_available,PROJECT_FACT,02_运行工况.csv,cell,,,IMPORTANT,deterministic,adaptive_evidence_qra|data_inventory|indicator_coverage,OMIT_AND_RECORD_GAP_NO_SILENT_ZERO,BLOCK_AND_REQUIRE_HUMAN_DECISION,true,boolean,MANY,FIELD_DICTIONARY,OPTIONAL_CONTRACT_FIELD,NONE,RAW_CATEGORY_BRIDGE_AVAILABLE,FIELD_DICTIONARY_SUPPORTED,GENERIC_REVIEW_ASSEMBLY_REQUIRES_ENTITY_CONTAINER,NONE,工程指标valve_control.automatic_shutdown_available；组：阀室、隔离、监控与泄漏检测；要求：CONDITIONAL。
engineering_indicator.valve_control.control_room_reliability,控制室可靠性,engineering_indicators.observations_by_segment.*.valve_control.control_room_reliability,PROJECT_FACT,02_运行工况.csv,cell,,,IMPORTANT,deterministic,adaptive_evidence_qra|data_inventory|indicator_coverage,OMIT_AND_RECORD_GAP_NO_SILENT_ZERO,BLOCK_AND_REQUIRE_HUMAN_DECISION,true,number,MANY,FIELD_DICTIONARY,OPTIONAL_CONTRACT_FIELD,NONE,RAW_CATEGORY_BRIDGE_AVAILABLE,FIELD_DICTIONARY_SUPPORTED,GENERIC_REVIEW_ASSEMBLY_REQUIRES_ENTITY_CONTAINER,NONE,工程指标valve_control.control_room_reliability；组：阀室、隔离、监控与泄漏检测；要求：CONDITIONAL。
engineering_indicator.valve_control.leak_detection_availability_fraction,泄漏检测系统可用率,engineering_indicators.observations_by_segment.*.valve_control.leak_detection_availability_fraction,PROJECT_FACT,02_运行工况.csv,cell,%,fraction,IMPORTANT,deterministic,adaptive_evidence_qra|data_inventory|indicator_coverage,OMIT_AND_RECORD_GAP_NO_SILENT_ZERO,BLOCK_AND_REQUIRE_HUMAN_DECISION,true,number,MANY,FIELD_DICTIONARY,OPTIONAL_CONTRACT_FIELD,NONE,RAW_CATEGORY_BRIDGE_AVAILABLE,FIELD_DICTIONARY_SUPPORTED,GENERIC_REVIEW_ASSEMBLY_REQUIRES_ENTITY_CONTAINER,NONE,工程指标valve_control.leak_detection_availability_fraction；组：阀室、隔离、监控与泄漏检测；要求：CONDITIONAL。
engineering_indicator.valve_control.pressure_alarm_available,压力报警可用,engineering_indicators.observations_by_segment.*.valve_control.pressure_alarm_available,PROJECT_FACT,02_运行工况.csv,cell,,,IMPORTANT,deterministic,adaptive_evidence_qra|data_inventory|indicator_coverage,OMIT_AND_RECORD_GAP_NO_SILENT_ZERO,BLOCK_AND_REQUIRE_HUMAN_DECISION,true,boolean,MANY,FIELD_DICTIONARY,OPTIONAL_CONTRACT_FIELD,NONE,RAW_CATEGORY_BRIDGE_AVAILABLE,FIELD_DICTIONARY_SUPPORTED,GENERIC_REVIEW_ASSEMBLY_REQUIRES_ENTITY_CONTAINER,NONE,工程指标valve_control.pressure_alarm_available；组：阀室、隔离、监控与泄漏检测；要求：CONDITIONAL。
engineering_indicator.valve_control.remote_control_available,远程控制可用,engineering_indicators.observations_by_segment.*.valve_control.remote_control_available,PROJECT_FACT,02_运行工况.csv,cell,,,IMPORTANT,deterministic,adaptive_evidence_qra|data_inventory|indicator_coverage,OMIT_AND_RECORD_GAP_NO_SILENT_ZERO,BLOCK_AND_REQUIRE_HUMAN_DECISION,true,boolean,MANY,FIELD_DICTIONARY,OPTIONAL_CONTRACT_FIELD,NONE,RAW_CATEGORY_BRIDGE_AVAILABLE,FIELD_DICTIONARY_SUPPORTED,GENERIC_REVIEW_ASSEMBLY_REQUIRES_ENTITY_CONTAINER,NONE,工程指标valve_control.remote_control_available；组：阀室、隔离、监控与泄漏检测；要求：CONDITIONAL。
engineering_indicator.valve_control.scada_availability_fraction,SCADA可用率,engineering_indicators.observations_by_segment.*.valve_control.scada_availability_fraction,PROJECT_FACT,02_运行工况.csv,cell,%,fraction,IMPORTANT,deterministic,adaptive_evidence_qra|data_inventory|indicator_coverage,OMIT_AND_RECORD_GAP_NO_SILENT_ZERO,BLOCK_AND_REQUIRE_HUMAN_DECISION,true,number,MANY,FIELD_DICTIONARY,OPTIONAL_CONTRACT_FIELD,NONE,RAW_CATEGORY_BRIDGE_AVAILABLE,FIELD_DICTIONARY_SUPPORTED,GENERIC_REVIEW_ASSEMBLY_REQUIRES_ENTITY_CONTAINER,NONE,工程指标valve_control.scada_availability_fraction；组：阀室、隔离、监控与泄漏检测；要求：CONDITIONAL。
engineering_indicator.valve_control.valve_fail_to_close_probability,阀门拒关概率,engineering_indicators.observations_by_segment.*.valve_control.valve_fail_to_close_probability,PROJECT_FACT,02_运行工况.csv,cell,,,IMPORTANT,deterministic,adaptive_evidence_qra|data_inventory|indicator_coverage,OMIT_AND_RECORD_GAP_NO_SILENT_ZERO,BLOCK_AND_REQUIRE_HUMAN_DECISION,true,number,MANY,FIELD_DICTIONARY,OPTIONAL_CONTRACT_FIELD,NONE,RAW_CATEGORY_BRIDGE_AVAILABLE,FIELD_DICTIONARY_SUPPORTED,GENERIC_REVIEW_ASSEMBLY_REQUIRES_ENTITY_CONTAINER,NONE,工程指标valve_control.valve_fail_to_close_probability；组：阀室、隔离、监控与泄漏检测；要求：CONDITIONAL。
engineering_indicator.valve_control.valve_internal_leak_probability,阀门内漏概率,engineering_indicators.observations_by_segment.*.valve_control.valve_internal_leak_probability,PROJECT_FACT,02_运行工况.csv,cell,,,IMPORTANT,deterministic,adaptive_evidence_qra|data_inventory|indicator_coverage,OMIT_AND_RECORD_GAP_NO_SILENT_ZERO,BLOCK_AND_REQUIRE_HUMAN_DECISION,true,number,MANY,FIELD_DICTIONARY,OPTIONAL_CONTRACT_FIELD,NONE,RAW_CATEGORY_BRIDGE_AVAILABLE,FIELD_DICTIONARY_SUPPORTED,GENERIC_REVIEW_ASSEMBLY_REQUIRES_ENTITY_CONTAINER,NONE,工程指标valve_control.valve_internal_leak_probability；组：阀室、隔离、监控与泄漏检测；要求：CONDITIONAL。
engineering_indicator.valve_control.valve_test_interval_days,阀门测试周期,engineering_indicators.observations_by_segment.*.valve_control.valve_test_interval_days,PROJECT_FACT,02_运行工况.csv,cell,day,day,IMPORTANT,deterministic,adaptive_evidence_qra|data_inventory|indicator_coverage,OMIT_AND_RECORD_GAP_NO_SILENT_ZERO,BLOCK_AND_REQUIRE_HUMAN_DECISION,true,number,MANY,FIELD_DICTIONARY,OPTIONAL_CONTRACT_FIELD,NONE,RAW_CATEGORY_BRIDGE_AVAILABLE,FIELD_DICTIONARY_SUPPORTED,GENERIC_REVIEW_ASSEMBLY_REQUIRES_ENTITY_CONTAINER,NONE,工程指标valve_control.valve_test_interval_days；组：阀室、隔离、监控与泄漏检测；要求：CONDITIONAL。
engineering_indicator.valve_control.valve_type,隔离阀类型,engineering_indicators.observations_by_segment.*.valve_control.valve_type,PROJECT_FACT,02_运行工况.csv,cell,,,IMPORTANT,deterministic,adaptive_evidence_qra|data_inventory|indicator_coverage,OMIT_AND_RECORD_GAP_NO_SILENT_ZERO,BLOCK_AND_REQUIRE_HUMAN_DECISION,true,string,MANY,FIELD_DICTIONARY,OPTIONAL_CONTRACT_FIELD,NONE,RAW_CATEGORY_BRIDGE_AVAILABLE,FIELD_DICTIONARY_SUPPORTED,GENERIC_REVIEW_ASSEMBLY_REQUIRES_ENTITY_CONTAINER,NONE,工程指标valve_control.valve_type；组：阀室、隔离、监控与泄漏检测；要求：CONDITIONAL。
engineering_indicator.weather_terrain.dispersion_terrain_class,扩散地形类别,engineering_indicators.observations_by_segment.*.weather_terrain.dispersion_terrain_class,PROJECT_FACT,08_气象联合概率.csv,cell,,,IMPORTANT,deterministic,adaptive_evidence_qra|data_inventory|indicator_coverage,OMIT_AND_RECORD_GAP_NO_SILENT_ZERO,BLOCK_AND_REQUIRE_HUMAN_DECISION,true,string,MANY,FIELD_DICTIONARY,OPTIONAL_CONTRACT_FIELD,NONE,NOT_MAPPED,FIELD_DICTIONARY_SUPPORTED,GENERIC_REVIEW_ASSEMBLY_REQUIRES_ENTITY_CONTAINER,DETERMINISTIC_MAPPING_GAP,工程指标weather_terrain.dispersion_terrain_class；组：气象、地面条件与扩散环境；要求：REQUIRED。
engineering_indicator.weather_terrain.meteorological_data_years,气象统计年限,engineering_indicators.observations_by_segment.*.weather_terrain.meteorological_data_years,PROJECT_FACT,08_气象联合概率.csv,cell,year,year,IMPORTANT,deterministic,adaptive_evidence_qra|data_inventory|indicator_coverage,OMIT_AND_RECORD_GAP_NO_SILENT_ZERO,BLOCK_AND_REQUIRE_HUMAN_DECISION,true,number,MANY,FIELD_DICTIONARY,OPTIONAL_CONTRACT_FIELD,NONE,NOT_MAPPED,FIELD_DICTIONARY_SUPPORTED,GENERIC_REVIEW_ASSEMBLY_REQUIRES_ENTITY_CONTAINER,DETERMINISTIC_MAPPING_GAP,工程指标weather_terrain.meteorological_data_years；组：气象、地面条件与扩散环境；要求：REQUIRED。
engineering_indicator.weather_terrain.relative_humidity_fraction,相对湿度,engineering_indicators.observations_by_segment.*.weather_terrain.relative_humidity_fraction,PROJECT_FACT,08_气象联合概率.csv,cell,%,fraction,IMPORTANT,deterministic,adaptive_evidence_qra|data_inventory|indicator_coverage,OMIT_AND_RECORD_GAP_NO_SILENT_ZERO,BLOCK_AND_REQUIRE_HUMAN_DECISION,true,number,MANY,FIELD_DICTIONARY,OPTIONAL_CONTRACT_FIELD,NONE,NOT_MAPPED,FIELD_DICTIONARY_SUPPORTED,GENERIC_REVIEW_ASSEMBLY_REQUIRES_ENTITY_CONTAINER,DETERMINISTIC_MAPPING_GAP,工程指标weather_terrain.relative_humidity_fraction；组：气象、地面条件与扩散环境；要求：CONDITIONAL。
engineering_indicator.weather_terrain.surface_roughness_m,地面粗糙度,engineering_indicators.observations_by_segment.*.weather_terrain.surface_roughness_m,PROJECT_FACT,08_气象联合概率.csv,cell,m,m,IMPORTANT,deterministic,adaptive_evidence_qra|data_inventory|indicator_coverage,OMIT_AND_RECORD_GAP_NO_SILENT_ZERO,BLOCK_AND_REQUIRE_HUMAN_DECISION,true,number,MANY,FIELD_DICTIONARY,OPTIONAL_CONTRACT_FIELD,NONE,NOT_MAPPED,FIELD_DICTIONARY_SUPPORTED,GENERIC_REVIEW_ASSEMBLY_REQUIRES_ENTITY_CONTAINER,DETERMINISTIC_MAPPING_GAP,工程指标weather_terrain.surface_roughness_m；组：气象、地面条件与扩散环境；要求：CONDITIONAL。
engineering_indicator.weather_terrain.temperature_inversion_frequency,逆温出现频率,engineering_indicators.observations_by_segment.*.weather_terrain.temperature_inversion_frequency,PROJECT_FACT,08_气象联合概率.csv,cell,,,IMPORTANT,deterministic,adaptive_evidence_qra|data_inventory|indicator_coverage,OMIT_AND_RECORD_GAP_NO_SILENT_ZERO,BLOCK_AND_REQUIRE_HUMAN_DECISION,true,number,MANY,FIELD_DICTIONARY,OPTIONAL_CONTRACT_FIELD,NONE,NOT_MAPPED,FIELD_DICTIONARY_SUPPORTED,GENERIC_REVIEW_ASSEMBLY_REQUIRES_ENTITY_CONTAINER,DETERMINISTIC_MAPPING_GAP,工程指标weather_terrain.temperature_inversion_frequency；组：气象、地面条件与扩散环境；要求：CONDITIONAL。
engineering_indicator.weather_terrain.topographic_channeling,地形导流效应,engineering_indicators.observations_by_segment.*.weather_terrain.topographic_channeling,PROJECT_FACT,08_气象联合概率.csv,cell,,,IMPORTANT,deterministic,adaptive_evidence_qra|data_inventory|indicator_coverage,OMIT_AND_RECORD_GAP_NO_SILENT_ZERO,BLOCK_AND_REQUIRE_HUMAN_DECISION,true,boolean,MANY,FIELD_DICTIONARY,OPTIONAL_CONTRACT_FIELD,NONE,NOT_MAPPED,FIELD_DICTIONARY_SUPPORTED,GENERIC_REVIEW_ASSEMBLY_REQUIRES_ENTITY_CONTAINER,DETERMINISTIC_MAPPING_GAP,工程指标weather_terrain.topographic_channeling；组：气象、地面条件与扩散环境；要求：CONDITIONAL。
engineering_indicators.observations_global,全局工程指标观测,engineering_indicators.observations_global,PROJECT_FACT,09_现场检查扫描件.pdf,page/bbox,,,IMPORTANT,ocr,indicator_coverage,OMIT_AND_RECORD_GAP_NO_SILENT_ZERO,BLOCK_AND_REQUIRE_HUMAN_DECISION,true,object,OPTIONAL_ONE,NODE_RUNTIME_REVIEW,OPTIONAL,NONE,NOT_MAPPED,FIELD_DICTIONARY_GAP,REVIEW_ASSEMBLY_GAP,DETERMINISTIC_MAPPING_GAP|EXTRACTION_SCHEMA_GAP|REVIEW_ASSEMBLY_GAP,
engineering_indicator.consequence_parameters.indoor_overpressure_fatality_factor,室内超压死亡修正,engineering_indicators.observations_global.consequence_parameters.indoor_overpressure_fatality_factor,MODEL_PARAMETER,parameter-pack:synthetic-consequence-parameters-v1,system,,,IMPORTANT,system,adaptive_evidence_qra|data_inventory|indicator_coverage,BLOCK_NODE_IF_VERSIONED_PARAMETER_PACK_MISSING,VERSIONED_PACK_SELECTION_ONLY,false,number,OPTIONAL_ONE,FIELD_DICTIONARY,OPTIONAL_CONTRACT_FIELD,NONE,NOT_APPLICABLE_SYSTEM_INJECTION,FIELD_DICTIONARY_SUPPORTED,GENERIC_REVIEW_ASSEMBLY_SUPPORTED,NONE,工程指标consequence_parameters.indoor_overpressure_fatality_factor；组：物性与人员后果模型参数；要求：CONDITIONAL。
engineering_indicator.consequence_parameters.indoor_thermal_protection_factor,室内热辐射防护系数,engineering_indicators.observations_global.consequence_parameters.indoor_thermal_protection_factor,MODEL_PARAMETER,parameter-pack:synthetic-consequence-parameters-v1,system,,,IMPORTANT,system,adaptive_evidence_qra|data_inventory|indicator_coverage,BLOCK_NODE_IF_VERSIONED_PARAMETER_PACK_MISSING,VERSIONED_PACK_SELECTION_ONLY,false,number,OPTIONAL_ONE,FIELD_DICTIONARY,OPTIONAL_CONTRACT_FIELD,NONE,NOT_APPLICABLE_SYSTEM_INJECTION,FIELD_DICTIONARY_SUPPORTED,GENERIC_REVIEW_ASSEMBLY_SUPPORTED,NONE,工程指标consequence_parameters.indoor_thermal_protection_factor；组：物性与人员后果模型参数；要求：CONDITIONAL。
engineering_indicator.consequence_parameters.probit_model_version,Probit模型版本,engineering_indicators.observations_global.consequence_parameters.probit_model_version,MODEL_PARAMETER,parameter-pack:synthetic-consequence-parameters-v1,system,,,IMPORTANT,system,adaptive_evidence_qra|data_inventory|indicator_coverage,BLOCK_NODE_IF_VERSIONED_PARAMETER_PACK_MISSING,VERSIONED_PACK_SELECTION_ONLY,false,string,OPTIONAL_ONE,FIELD_DICTIONARY,OPTIONAL_CONTRACT_FIELD,NONE,NOT_APPLICABLE_SYSTEM_INJECTION,FIELD_DICTIONARY_SUPPORTED,GENERIC_REVIEW_ASSEMBLY_SUPPORTED,NONE,工程指标consequence_parameters.probit_model_version；组：物性与人员后果模型参数；要求：REQUIRED。
engineering_indicator.consequence_parameters.roughness_class,扩散地面粗糙度类别,engineering_indicators.observations_global.consequence_parameters.roughness_class,MODEL_PARAMETER,parameter-pack:synthetic-consequence-parameters-v1,system,,,IMPORTANT,system,adaptive_evidence_qra|data_inventory|indicator_coverage,BLOCK_NODE_IF_VERSIONED_PARAMETER_PACK_MISSING,VERSIONED_PACK_SELECTION_ONLY,false,string,OPTIONAL_ONE,FIELD_DICTIONARY,OPTIONAL_CONTRACT_FIELD,NONE,NOT_APPLICABLE_SYSTEM_INJECTION,FIELD_DICTIONARY_SUPPORTED,GENERIC_REVIEW_ASSEMBLY_SUPPORTED,NONE,工程指标consequence_parameters.roughness_class；组：物性与人员后果模型参数；要求：CONDITIONAL。
engineering_indicator.consequence_parameters.tno_curve_version,TNO曲线数据版本,engineering_indicators.observations_global.consequence_parameters.tno_curve_version,MODEL_PARAMETER,parameter-pack:synthetic-consequence-parameters-v1,system,,,IMPORTANT,system,adaptive_evidence_qra|data_inventory|indicator_coverage,BLOCK_NODE_IF_VERSIONED_PARAMETER_PACK_MISSING,VERSIONED_PACK_SELECTION_ONLY,false,string,OPTIONAL_ONE,FIELD_DICTIONARY,OPTIONAL_CONTRACT_FIELD,NONE,NOT_APPLICABLE_SYSTEM_INJECTION,FIELD_DICTIONARY_SUPPORTED,GENERIC_REVIEW_ASSEMBLY_SUPPORTED,NONE,工程指标consequence_parameters.tno_curve_version；组：物性与人员后果模型参数；要求：REQUIRED。
engineering_indicator.governance.approval_ref,模型与参数批准文件引用,engineering_indicators.observations_global.governance.approval_ref,PROJECT_FACT,09_现场检查扫描件.pdf,page/bbox,,,IMPORTANT,ocr,adaptive_evidence_qra|data_inventory|indicator_coverage,OMIT_AND_RECORD_GAP_NO_SILENT_ZERO,BLOCK_AND_REQUIRE_HUMAN_DECISION,true,string,OPTIONAL_ONE,FIELD_DICTIONARY,OPTIONAL_CONTRACT_FIELD,NONE,NOT_MAPPED,FIELD_DICTIONARY_SUPPORTED,GENERIC_REVIEW_ASSEMBLY_SUPPORTED,DETERMINISTIC_MAPPING_GAP,工程指标governance.approval_ref；组：项目、文件与数据治理；要求：REQUIRED。
engineering_indicator.governance.as_built_drawing_ref,竣工图引用,engineering_indicators.observations_global.governance.as_built_drawing_ref,PROJECT_FACT,09_现场检查扫描件.pdf,page/bbox,,,IMPORTANT,ocr,adaptive_evidence_qra|data_inventory|indicator_coverage,OMIT_AND_RECORD_GAP_NO_SILENT_ZERO,BLOCK_AND_REQUIRE_HUMAN_DECISION,true,string,OPTIONAL_ONE,FIELD_DICTIONARY,OPTIONAL_CONTRACT_FIELD,NONE,NOT_MAPPED,FIELD_DICTIONARY_SUPPORTED,GENERIC_REVIEW_ASSEMBLY_SUPPORTED,DETERMINISTIC_MAPPING_GAP,工程指标governance.as_built_drawing_ref；组：项目、文件与数据治理；要求：REQUIRED。
engineering_indicator.governance.construction_record_ref,施工记录引用,engineering_indicators.observations_global.governance.construction_record_ref,PROJECT_FACT,09_现场检查扫描件.pdf,page/bbox,,,IMPORTANT,ocr,adaptive_evidence_qra|data_inventory|indicator_coverage,OMIT_AND_RECORD_GAP_NO_SILENT_ZERO,BLOCK_AND_REQUIRE_HUMAN_DECISION,true,string,OPTIONAL_ONE,FIELD_DICTIONARY,OPTIONAL_CONTRACT_FIELD,NONE,NOT_MAPPED,FIELD_DICTIONARY_SUPPORTED,GENERIC_REVIEW_ASSEMBLY_SUPPORTED,DETERMINISTIC_MAPPING_GAP,工程指标governance.construction_record_ref；组：项目、文件与数据治理；要求：REQUIRED。
engineering_indicator.governance.data_owner,数据责任人,engineering_indicators.observations_global.governance.data_owner,PROJECT_FACT,09_现场检查扫描件.pdf,page/bbox,,,IMPORTANT,ocr,adaptive_evidence_qra|data_inventory|indicator_coverage,OMIT_AND_RECORD_GAP_NO_SILENT_ZERO,BLOCK_AND_REQUIRE_HUMAN_DECISION,true,string,OPTIONAL_ONE,FIELD_DICTIONARY,OPTIONAL_CONTRACT_FIELD,NONE,NOT_MAPPED,FIELD_DICTIONARY_SUPPORTED,GENERIC_REVIEW_ASSEMBLY_SUPPORTED,DETERMINISTIC_MAPPING_GAP,工程指标governance.data_owner；组：项目、文件与数据治理；要求：REQUIRED。
engineering_indicator.governance.design_report_ref,初步设计报告引用,engineering_indicators.observations_global.governance.design_report_ref,PROJECT_FACT,09_现场检查扫描件.pdf,page/bbox,,,IMPORTANT,ocr,adaptive_evidence_qra|data_inventory|indicator_coverage,OMIT_AND_RECORD_GAP_NO_SILENT_ZERO,BLOCK_AND_REQUIRE_HUMAN_DECISION,true,string,OPTIONAL_ONE,FIELD_DICTIONARY,OPTIONAL_CONTRACT_FIELD,NONE,NOT_MAPPED,FIELD_DICTIONARY_SUPPORTED,GENERIC_REVIEW_ASSEMBLY_SUPPORTED,DETERMINISTIC_MAPPING_GAP,工程指标governance.design_report_ref；组：项目、文件与数据治理；要求：REQUIRED。
engineering_indicator.governance.emergency_plan_ref,应急预案引用,engineering_indicators.observations_global.governance.emergency_plan_ref,PROJECT_FACT,09_现场检查扫描件.pdf,page/bbox,,,IMPORTANT,ocr,adaptive_evidence_qra|data_inventory|indicator_coverage,OMIT_AND_RECORD_GAP_NO_SILENT_ZERO,BLOCK_AND_REQUIRE_HUMAN_DECISION,true,string,OPTIONAL_ONE,FIELD_DICTIONARY,OPTIONAL_CONTRACT_FIELD,NONE,NOT_MAPPED,FIELD_DICTIONARY_SUPPORTED,GENERIC_REVIEW_ASSEMBLY_SUPPORTED,DETERMINISTIC_MAPPING_GAP,工程指标governance.emergency_plan_ref；组：项目、文件与数据治理；要求：REQUIRED。
engineering_indicator.governance.environment_report_ref,环境影响评价报告引用,engineering_indicators.observations_global.governance.environment_report_ref,PROJECT_FACT,09_现场检查扫描件.pdf,page/bbox,,,IMPORTANT,ocr,adaptive_evidence_qra|data_inventory|indicator_coverage,OMIT_AND_RECORD_GAP_NO_SILENT_ZERO,BLOCK_AND_REQUIRE_HUMAN_DECISION,true,string,OPTIONAL_ONE,FIELD_DICTIONARY,OPTIONAL_CONTRACT_FIELD,NONE,NOT_MAPPED,FIELD_DICTIONARY_SUPPORTED,GENERIC_REVIEW_ASSEMBLY_SUPPORTED,DETERMINISTIC_MAPPING_GAP,工程指标governance.environment_report_ref；组：项目、文件与数据治理；要求：CONDITIONAL。
engineering_indicator.governance.geohazard_report_ref,地质灾害评估报告引用,engineering_indicators.observations_global.governance.geohazard_report_ref,PROJECT_FACT,09_现场检查扫描件.pdf,page/bbox,,,IMPORTANT,ocr,adaptive_evidence_qra|data_inventory|indicator_coverage,OMIT_AND_RECORD_GAP_NO_SILENT_ZERO,BLOCK_AND_REQUIRE_HUMAN_DECISION,true,string,OPTIONAL_ONE,FIELD_DICTIONARY,OPTIONAL_CONTRACT_FIELD,NONE,NOT_MAPPED,FIELD_DICTIONARY_SUPPORTED,GENERIC_REVIEW_ASSEMBLY_SUPPORTED,DETERMINISTIC_MAPPING_GAP,工程指标governance.geohazard_report_ref；组：项目、文件与数据治理；要求：CONDITIONAL。
engineering_indicator.governance.hca_report_ref,高后果区识别报告引用,engineering_indicators.observations_global.governance.hca_report_ref,PROJECT_FACT,09_现场检查扫描件.pdf,page/bbox,,,IMPORTANT,ocr,adaptive_evidence_qra|data_inventory|indicator_coverage,OMIT_AND_RECORD_GAP_NO_SILENT_ZERO,BLOCK_AND_REQUIRE_HUMAN_DECISION,true,string,OPTIONAL_ONE,FIELD_DICTIONARY,OPTIONAL_CONTRACT_FIELD,NONE,NOT_MAPPED,FIELD_DICTIONARY_SUPPORTED,GENERIC_REVIEW_ASSEMBLY_SUPPORTED,DETERMINISTIC_MAPPING_GAP,工程指标governance.hca_report_ref；组：项目、文件与数据治理；要求：REQUIRED。
engineering_indicator.governance.integrity_plan_ref,完整性管理计划引用,engineering_indicators.observations_global.governance.integrity_plan_ref,PROJECT_FACT,09_现场检查扫描件.pdf,page/bbox,,,IMPORTANT,ocr,adaptive_evidence_qra|data_inventory|indicator_coverage,OMIT_AND_RECORD_GAP_NO_SILENT_ZERO,BLOCK_AND_REQUIRE_HUMAN_DECISION,true,string,OPTIONAL_ONE,FIELD_DICTIONARY,OPTIONAL_CONTRACT_FIELD,NONE,NOT_MAPPED,FIELD_DICTIONARY_SUPPORTED,GENERIC_REVIEW_ASSEMBLY_SUPPORTED,DETERMINISTIC_MAPPING_GAP,工程指标governance.integrity_plan_ref；组：项目、文件与数据治理；要求：REQUIRED。
engineering_indicator.governance.previous_risk_report_ref,既往风险评价报告引用,engineering_indicators.observations_global.governance.previous_risk_report_ref,PROJECT_FACT,09_现场检查扫描件.pdf,page/bbox,,,IMPORTANT,ocr,adaptive_evidence_qra|data_inventory|indicator_coverage,OMIT_AND_RECORD_GAP_NO_SILENT_ZERO,BLOCK_AND_REQUIRE_HUMAN_DECISION,true,string,OPTIONAL_ONE,FIELD_DICTIONARY,OPTIONAL_CONTRACT_FIELD,NONE,NOT_MAPPED,FIELD_DICTIONARY_SUPPORTED,GENERIC_REVIEW_ASSEMBLY_SUPPORTED,DETERMINISTIC_MAPPING_GAP,工程指标governance.previous_risk_report_ref；组：项目、文件与数据治理；要求：CONDITIONAL。
engineering_indicator.governance.route_map_ref,遥感或航拍线路图引用,engineering_indicators.observations_global.governance.route_map_ref,PROJECT_FACT,09_现场检查扫描件.pdf,page/bbox,,,IMPORTANT,ocr,adaptive_evidence_qra|data_inventory|indicator_coverage,OMIT_AND_RECORD_GAP_NO_SILENT_ZERO,BLOCK_AND_REQUIRE_HUMAN_DECISION,true,string,OPTIONAL_ONE,FIELD_DICTIONARY,OPTIONAL_CONTRACT_FIELD,NONE,NOT_MAPPED,FIELD_DICTIONARY_SUPPORTED,GENERIC_REVIEW_ASSEMBLY_SUPPORTED,DETERMINISTIC_MAPPING_GAP,工程指标governance.route_map_ref；组：项目、文件与数据治理；要求：CONDITIONAL。
engineering_indicator.governance.supervision_record_ref,监理记录引用,engineering_indicators.observations_global.governance.supervision_record_ref,PROJECT_FACT,09_现场检查扫描件.pdf,page/bbox,,,IMPORTANT,ocr,adaptive_evidence_qra|data_inventory|indicator_coverage,OMIT_AND_RECORD_GAP_NO_SILENT_ZERO,BLOCK_AND_REQUIRE_HUMAN_DECISION,true,string,OPTIONAL_ONE,FIELD_DICTIONARY,OPTIONAL_CONTRACT_FIELD,NONE,NOT_MAPPED,FIELD_DICTIONARY_SUPPORTED,GENERIC_REVIEW_ASSEMBLY_SUPPORTED,DETERMINISTIC_MAPPING_GAP,工程指标governance.supervision_record_ref；组：项目、文件与数据治理；要求：CONDITIONAL。
engineering_indicator.population_receptors.building_occupancy,建筑占用类型,engineering_indicators.observations_global.population_receptors.building_occupancy,PROJECT_FACT,07_人口和敏感受体.xlsx,cell,,,IMPORTANT,deterministic,adaptive_evidence_qra|data_inventory|indicator_coverage,OMIT_AND_RECORD_GAP_NO_SILENT_ZERO,BLOCK_AND_REQUIRE_HUMAN_DECISION,true,string,OPTIONAL_ONE,FIELD_DICTIONARY,OPTIONAL_CONTRACT_FIELD,NONE,RAW_CATEGORY_BRIDGE_AVAILABLE,FIELD_DICTIONARY_SUPPORTED,GENERIC_REVIEW_ASSEMBLY_SUPPORTED,NONE,工程指标population_receptors.building_occupancy；组：人口、建筑与敏感受体；要求：CONDITIONAL。
engineering_indicator.population_receptors.building_overpressure_resistance_kpa,建筑抗超压能力,engineering_indicators.observations_global.population_receptors.building_overpressure_resistance_kpa,PROJECT_FACT,07_人口和敏感受体.xlsx,cell,kPa,kPa,IMPORTANT,deterministic,adaptive_evidence_qra|data_inventory|indicator_coverage,OMIT_AND_RECORD_GAP_NO_SILENT_ZERO,BLOCK_AND_REQUIRE_HUMAN_DECISION,true,number,OPTIONAL_ONE,FIELD_DICTIONARY,OPTIONAL_CONTRACT_FIELD,NONE,RAW_CATEGORY_BRIDGE_AVAILABLE,FIELD_DICTIONARY_SUPPORTED,GENERIC_REVIEW_ASSEMBLY_SUPPORTED,NONE,工程指标population_receptors.building_overpressure_resistance_kpa；组：人口、建筑与敏感受体；要求：CONDITIONAL。
engineering_indicator.population_receptors.building_thermal_shelter_factor,建筑热辐射遮蔽系数,engineering_indicators.observations_global.population_receptors.building_thermal_shelter_factor,PROJECT_FACT,07_人口和敏感受体.xlsx,cell,,,IMPORTANT,deterministic,adaptive_evidence_qra|data_inventory|indicator_coverage,OMIT_AND_RECORD_GAP_NO_SILENT_ZERO,BLOCK_AND_REQUIRE_HUMAN_DECISION,true,number,OPTIONAL_ONE,FIELD_DICTIONARY,OPTIONAL_CONTRACT_FIELD,NONE,RAW_CATEGORY_BRIDGE_AVAILABLE,FIELD_DICTIONARY_SUPPORTED,GENERIC_REVIEW_ASSEMBLY_SUPPORTED,NONE,工程指标population_receptors.building_thermal_shelter_factor；组：人口、建筑与敏感受体；要求：CONDITIONAL。
engineering_indicator.population_receptors.building_type,建筑类型,engineering_indicators.observations_global.population_receptors.building_type,PROJECT_FACT,07_人口和敏感受体.xlsx,cell,,,IMPORTANT,deterministic,adaptive_evidence_qra|data_inventory|indicator_coverage,OMIT_AND_RECORD_GAP_NO_SILENT_ZERO,BLOCK_AND_REQUIRE_HUMAN_DECISION,true,string,OPTIONAL_ONE,FIELD_DICTIONARY,OPTIONAL_CONTRACT_FIELD,NONE,RAW_CATEGORY_BRIDGE_AVAILABLE,FIELD_DICTIONARY_SUPPORTED,GENERIC_REVIEW_ASSEMBLY_SUPPORTED,NONE,工程指标population_receptors.building_type；组：人口、建筑与敏感受体；要求：CONDITIONAL。
engineering_indicator.population_receptors.dense_residential_present,密集居民区,engineering_indicators.observations_global.population_receptors.dense_residential_present,PROJECT_FACT,07_人口和敏感受体.xlsx,cell,,,IMPORTANT,deterministic,adaptive_evidence_qra|data_inventory|indicator_coverage,OMIT_AND_RECORD_GAP_NO_SILENT_ZERO,BLOCK_AND_REQUIRE_HUMAN_DECISION,true,boolean,OPTIONAL_ONE,FIELD_DICTIONARY,OPTIONAL_CONTRACT_FIELD,NONE,RAW_CATEGORY_BRIDGE_AVAILABLE,FIELD_DICTIONARY_SUPPORTED,GENERIC_REVIEW_ASSEMBLY_SUPPORTED,NONE,工程指标population_receptors.dense_residential_present；组：人口、建筑与敏感受体；要求：CONDITIONAL。
engineering_indicator.population_receptors.evacuation_response_time_s,人员疏散响应时间,engineering_indicators.observations_global.population_receptors.evacuation_response_time_s,PROJECT_FACT,07_人口和敏感受体.xlsx,cell,s,s,IMPORTANT,deterministic,adaptive_evidence_qra|data_inventory|indicator_coverage,OMIT_AND_RECORD_GAP_NO_SILENT_ZERO,BLOCK_AND_REQUIRE_HUMAN_DECISION,true,number,OPTIONAL_ONE,FIELD_DICTIONARY,OPTIONAL_CONTRACT_FIELD,NONE,RAW_CATEGORY_BRIDGE_AVAILABLE,FIELD_DICTIONARY_SUPPORTED,GENERIC_REVIEW_ASSEMBLY_SUPPORTED,NONE,工程指标population_receptors.evacuation_response_time_s；组：人口、建筑与敏感受体；要求：CONDITIONAL。
engineering_indicator.population_receptors.hospital_present,医院受体,engineering_indicators.observations_global.population_receptors.hospital_present,PROJECT_FACT,07_人口和敏感受体.xlsx,cell,,,IMPORTANT,deterministic,adaptive_evidence_qra|data_inventory|indicator_coverage,OMIT_AND_RECORD_GAP_NO_SILENT_ZERO,BLOCK_AND_REQUIRE_HUMAN_DECISION,true,boolean,OPTIONAL_ONE,FIELD_DICTIONARY,OPTIONAL_CONTRACT_FIELD,NONE,RAW_CATEGORY_BRIDGE_AVAILABLE,FIELD_DICTIONARY_SUPPORTED,GENERIC_REVIEW_ASSEMBLY_SUPPORTED,NONE,工程指标population_receptors.hospital_present；组：人口、建筑与敏感受体；要求：CONDITIONAL。
engineering_indicator.population_receptors.school_present,学校受体,engineering_indicators.observations_global.population_receptors.school_present,PROJECT_FACT,07_人口和敏感受体.xlsx,cell,,,IMPORTANT,deterministic,adaptive_evidence_qra|data_inventory|indicator_coverage,OMIT_AND_RECORD_GAP_NO_SILENT_ZERO,BLOCK_AND_REQUIRE_HUMAN_DECISION,true,boolean,OPTIONAL_ONE,FIELD_DICTIONARY,OPTIONAL_CONTRACT_FIELD,NONE,RAW_CATEGORY_BRIDGE_AVAILABLE,FIELD_DICTIONARY_SUPPORTED,GENERIC_REVIEW_ASSEMBLY_SUPPORTED,NONE,工程指标population_receptors.school_present；组：人口、建筑与敏感受体；要求：CONDITIONAL。
engineering_indicators.segment_archetype,管段原型,engineering_indicators.segment_archetype,RUN_ASSUMPTION,run-assumption:S00_BASELINE-v1,system,,,OPTIONAL,system,,REQUIRE_EXPLICIT_RECORD_OR_DOCUMENTED_NOT_APPLICABLE,EXPLICIT_DECISION_REQUIRED,false,object,OPTIONAL_ONE,NODE_RUNTIME_REVIEW,OPTIONAL_CONTRACT_FIELD,NONE,NOT_APPLICABLE_SYSTEM_INJECTION,FIELD_DICTIONARY_GAP,REVIEW_ASSEMBLY_GAP,REVIEW_ASSEMBLY_GAP,
expected_aggregation,测试聚合黄金答案,expected_aggregation,MODEL_PARAMETER,parameter-pack:synthetic-model-validation-fixture-v1,system,,,OPTIONAL,system,,BLOCK_NODE_IF_VERSIONED_PARAMETER_PACK_MISSING,VERSIONED_PACK_SELECTION_ONLY,false,object,OPTIONAL_ONE,FIELD_DICTIONARY|QRA_INPUT_SCHEMA,OPTIONAL_CONTRACT_FIELD,NONE,NOT_APPLICABLE_SYSTEM_INJECTION,FIELD_DICTIONARY_SUPPORTED,GENERIC_REVIEW_ASSEMBLY_SUPPORTED,NONE,仅用于合成测试和模型验证，不得作为客户资料抽取目标。
extensions,extensions,extensions,RUN_ASSUMPTION,run-assumption:S00_BASELINE-v1,system,,,OPTIONAL,system,,REQUIRE_EXPLICIT_RECORD_OR_DOCUMENTED_NOT_APPLICABLE,EXPLICIT_DECISION_REQUIRED,false,object,OPTIONAL_ONE,QRA_INPUT_SCHEMA,OPTIONAL_CONTRACT_FIELD,NONE,NOT_APPLICABLE_SYSTEM_INJECTION,FIELD_DICTIONARY_GAP,REVIEW_ASSEMBLY_GAP,REVIEW_ASSEMBLY_GAP,
frequency_correction_model,频率修正模型,frequency_correction_model,MODEL_PARAMETER,parameter-pack:synthetic-frequency-correction-v1,system,,,BLOCKING,system,failure_frequency|human_qra,BLOCK_NODE_IF_VERSIONED_PARAMETER_PACK_MISSING,VERSIONED_PACK_SELECTION_ONLY,false,object,OPTIONAL_ONE,FIELD_DICTIONARY|QRA_INPUT_SCHEMA|NODE_RUNTIME_REVIEW,PREFLIGHT_OR_RUNTIME_REQUIRED|RUNTIME_REQUIRED_FOR_S00,NONE,NOT_APPLICABLE_SYSTEM_INJECTION,FIELD_DICTIONARY_SUPPORTED,GENERIC_REVIEW_ASSEMBLY_SUPPORTED,NONE,频率修正模型
frequency_correction_model.model_id,频率修正模型编号,frequency_correction_model.model_id,MODEL_PARAMETER,parameter-pack:synthetic-frequency-correction-v1,system,,,OPTIONAL,system,,BLOCK_NODE_IF_VERSIONED_PARAMETER_PACK_MISSING,VERSIONED_PACK_SELECTION_ONLY,false,string,OPTIONAL_ONE,NODE_RUNTIME_REVIEW,OPTIONAL_CONTRACT_FIELD,NONE,NOT_APPLICABLE_SYSTEM_INJECTION,FIELD_DICTIONARY_GAP,PARAMETER_PACK_MERGE_REQUIRED,PARAMETER_PACK_MERGE_NOT_IMPLEMENTED,
frequency_correction_model.model_type,频率修正模型类型,frequency_correction_model.model_type,MODEL_PARAMETER,parameter-pack:synthetic-frequency-correction-v1,system,,,OPTIONAL,system,,BLOCK_NODE_IF_VERSIONED_PARAMETER_PACK_MISSING,VERSIONED_PACK_SELECTION_ONLY,false,enum,OPTIONAL_ONE,NODE_RUNTIME_REVIEW,OPTIONAL_CONTRACT_FIELD,NONE,NOT_APPLICABLE_SYSTEM_INJECTION,FIELD_DICTIONARY_GAP,PARAMETER_PACK_MERGE_REQUIRED,PARAMETER_PACK_MERGE_NOT_IMPLEMENTED,
frequency_correction_model.source,频率修正模型来源,frequency_correction_model.source,MODEL_PARAMETER,parameter-pack:synthetic-frequency-correction-v1,system,,,OPTIONAL,system,,BLOCK_NODE_IF_VERSIONED_PARAMETER_PACK_MISSING,VERSIONED_PACK_SELECTION_ONLY,false,string,OPTIONAL_ONE,NODE_RUNTIME_REVIEW,OPTIONAL_CONTRACT_FIELD,NONE,NOT_APPLICABLE_SYSTEM_INJECTION,FIELD_DICTIONARY_GAP,PARAMETER_PACK_MERGE_REQUIRED,PARAMETER_PACK_MERGE_NOT_IMPLEMENTED,
frequency_correction_model.status,频率修正模型状态,frequency_correction_model.status,MODEL_PARAMETER,parameter-pack:synthetic-frequency-correction-v1,system,,,OPTIONAL,system,,BLOCK_NODE_IF_VERSIONED_PARAMETER_PACK_MISSING,VERSIONED_PACK_SELECTION_ONLY,false,enum,OPTIONAL_ONE,NODE_RUNTIME_REVIEW,OPTIONAL_CONTRACT_FIELD,NONE,NOT_APPLICABLE_SYSTEM_INJECTION,FIELD_DICTIONARY_GAP,PARAMETER_PACK_MERGE_REQUIRED,PARAMETER_PACK_MERGE_NOT_IMPLEMENTED,
frequency_correction_model.version,频率修正模型版本,frequency_correction_model.version,MODEL_PARAMETER,parameter-pack:synthetic-frequency-correction-v1,system,,,OPTIONAL,system,,BLOCK_NODE_IF_VERSIONED_PARAMETER_PACK_MISSING,VERSIONED_PACK_SELECTION_ONLY,false,string,OPTIONAL_ONE,NODE_RUNTIME_REVIEW,OPTIONAL_CONTRACT_FIELD,NONE,NOT_APPLICABLE_SYSTEM_INJECTION,FIELD_DICTIONARY_GAP,PARAMETER_PACK_MERGE_REQUIRED,PARAMETER_PACK_MERGE_NOT_IMPLEMENTED,
frequency_library,frequency_library,frequency_library,MODEL_PARAMETER,parameter-pack:synthetic-frequency-library-v1,system,,,OPTIONAL,system,,BLOCK_NODE_IF_VERSIONED_PARAMETER_PACK_MISSING,VERSIONED_PACK_SELECTION_ONLY,false,object,OPTIONAL_ONE,QRA_INPUT_SCHEMA,OPTIONAL_CONTRACT_FIELD,NONE,NOT_APPLICABLE_SYSTEM_INJECTION,FIELD_DICTIONARY_GAP,PARAMETER_PACK_MERGE_REQUIRED,PARAMETER_PACK_MERGE_NOT_IMPLEMENTED,
frequency_library.base_frequency_by_mechanism,分机理基准频率,frequency_library.base_frequency_by_mechanism,MODEL_PARAMETER,parameter-pack:synthetic-frequency-library-v1,system,per_km_year,per_km_year,BLOCKING,system,failure_frequency|human_qra,BLOCK_NODE_IF_VERSIONED_PARAMETER_PACK_MISSING,VERSIONED_PACK_SELECTION_ONLY,false,object,OPTIONAL_ONE,FIELD_DICTIONARY|NODE_RUNTIME_REVIEW,EXPLICIT_REQUIRED|PREFLIGHT_OR_RUNTIME_REQUIRED,NONE,NOT_APPLICABLE_SYSTEM_INJECTION,FIELD_DICTIONARY_SUPPORTED,GENERIC_REVIEW_ASSEMBLY_SUPPORTED,NONE,分机理基准频率
frequency_library.data_classification,失效频率库数据分类,frequency_library.data_classification,MODEL_PARAMETER,parameter-pack:synthetic-frequency-library-v1,system,,,OPTIONAL,system,,BLOCK_NODE_IF_VERSIONED_PARAMETER_PACK_MISSING,VERSIONED_PACK_SELECTION_ONLY,false,enum,OPTIONAL_ONE,NODE_RUNTIME_REVIEW,OPTIONAL_CONTRACT_FIELD,NONE,NOT_APPLICABLE_SYSTEM_INJECTION,FIELD_DICTIONARY_GAP,PARAMETER_PACK_MERGE_REQUIRED,PARAMETER_PACK_MERGE_NOT_IMPLEMENTED,
frequency_library.library_id,失效频率库编号,frequency_library.library_id,MODEL_PARAMETER,parameter-pack:synthetic-frequency-library-v1,system,,,BLOCKING,system,human_qra,BLOCK_NODE_IF_VERSIONED_PARAMETER_PACK_MISSING,VERSIONED_PACK_SELECTION_ONLY,false,string,OPTIONAL_ONE,NODE_RUNTIME_REVIEW,PREFLIGHT_OR_RUNTIME_REQUIRED,NONE,NOT_APPLICABLE_SYSTEM_INJECTION,FIELD_DICTIONARY_GAP,PARAMETER_PACK_MERGE_REQUIRED,PARAMETER_PACK_MERGE_NOT_IMPLEMENTED,
frequency_library.loc_fraction_by_mechanism,分机理孔径比例,frequency_library.loc_fraction_by_mechanism,MODEL_PARAMETER,parameter-pack:synthetic-frequency-library-v1,system,,,BLOCKING,system,failure_frequency|human_qra,BLOCK_NODE_IF_VERSIONED_PARAMETER_PACK_MISSING,VERSIONED_PACK_SELECTION_ONLY,false,object,OPTIONAL_ONE,FIELD_DICTIONARY|NODE_RUNTIME_REVIEW,EXPLICIT_REQUIRED|PREFLIGHT_OR_RUNTIME_REQUIRED,NONE,NOT_APPLICABLE_SYSTEM_INJECTION,FIELD_DICTIONARY_SUPPORTED,GENERIC_REVIEW_ASSEMBLY_SUPPORTED,NONE,分机理孔径比例
frequency_library.unit,失效频率单位,frequency_library.unit,MODEL_PARAMETER,parameter-pack:synthetic-frequency-library-v1,system,,,BLOCKING,system,failure_frequency|human_qra,BLOCK_NODE_IF_VERSIONED_PARAMETER_PACK_MISSING,VERSIONED_PACK_SELECTION_ONLY,false,enum,OPTIONAL_ONE,FIELD_DICTIONARY|NODE_RUNTIME_REVIEW,PREFLIGHT_OR_RUNTIME_REQUIRED|RUNTIME_REQUIRED,NONE,NOT_APPLICABLE_SYSTEM_INJECTION,FIELD_DICTIONARY_SUPPORTED,GENERIC_REVIEW_ASSEMBLY_SUPPORTED,NONE,失效频率单位
frequency_library.version,失效频率库版本,frequency_library.version,MODEL_PARAMETER,parameter-pack:synthetic-frequency-library-v1,system,,,BLOCKING,system,human_qra,BLOCK_NODE_IF_VERSIONED_PARAMETER_PACK_MISSING,VERSIONED_PACK_SELECTION_ONLY,false,string,OPTIONAL_ONE,NODE_RUNTIME_REVIEW,PREFLIGHT_OR_RUNTIME_REQUIRED,NONE,NOT_APPLICABLE_SYSTEM_INJECTION,FIELD_DICTIONARY_GAP,PARAMETER_PACK_MERGE_REQUIRED,PARAMETER_PACK_MERGE_NOT_IMPLEMENTED,
ignition_model,点火模型,ignition_model,MODEL_PARAMETER,parameter-pack:synthetic-ignition-model-v1,system,,,OPTIONAL,system,,BLOCK_NODE_IF_VERSIONED_PARAMETER_PACK_MISSING,VERSIONED_PACK_SELECTION_ONLY,false,object,OPTIONAL_ONE,FIELD_DICTIONARY|QRA_INPUT_SCHEMA,OPTIONAL_CONTRACT_FIELD,NONE,NOT_APPLICABLE_SYSTEM_INJECTION,FIELD_DICTIONARY_SUPPORTED,GENERIC_REVIEW_ASSEMBLY_SUPPORTED,NONE,点火模型
ignition_model.delayed_ignition_test_probability,延迟点火测试概率,ignition_model.delayed_ignition_test_probability,MODEL_PARAMETER,parameter-pack:synthetic-ignition-model-v1,system,,,OPTIONAL,system,,BLOCK_NODE_IF_VERSIONED_PARAMETER_PACK_MISSING,VERSIONED_PACK_SELECTION_ONLY,false,object,OPTIONAL_ONE,NODE_RUNTIME_REVIEW,OPTIONAL_CONTRACT_FIELD,NONE,NOT_APPLICABLE_SYSTEM_INJECTION,FIELD_DICTIONARY_GAP,PARAMETER_PACK_MERGE_REQUIRED,PARAMETER_PACK_MERGE_NOT_IMPLEMENTED,
ignition_model.immediate_ignition_probability,立即点火概率,ignition_model.immediate_ignition_probability,MODEL_PARAMETER,parameter-pack:synthetic-ignition-model-v1,system,,,BLOCKING,system,human_qra,BLOCK_NODE_IF_VERSIONED_PARAMETER_PACK_MISSING,VERSIONED_PACK_SELECTION_ONLY,false,object,OPTIONAL_ONE,NODE_RUNTIME_REVIEW,PREFLIGHT_OR_RUNTIME_REQUIRED,NONE,NOT_APPLICABLE_SYSTEM_INJECTION,FIELD_DICTIONARY_GAP,PARAMETER_PACK_MERGE_REQUIRED,PARAMETER_PACK_MERGE_NOT_IMPLEMENTED,
ignition_model.model_status,点火模型状态,ignition_model.model_status,MODEL_PARAMETER,parameter-pack:synthetic-ignition-model-v1,system,,,OPTIONAL,system,,BLOCK_NODE_IF_VERSIONED_PARAMETER_PACK_MISSING,VERSIONED_PACK_SELECTION_ONLY,false,enum,OPTIONAL_ONE,NODE_RUNTIME_REVIEW,OPTIONAL_CONTRACT_FIELD,NONE,NOT_APPLICABLE_SYSTEM_INJECTION,FIELD_DICTIONARY_GAP,PARAMETER_PACK_MERGE_REQUIRED,PARAMETER_PACK_MERGE_NOT_IMPLEMENTED,
ignition_model.vce_given_delayed_test_probability,延迟点火后VCE测试概率,ignition_model.vce_given_delayed_test_probability,MODEL_PARAMETER,parameter-pack:synthetic-ignition-model-v1,system,,,OPTIONAL,system,,BLOCK_NODE_IF_VERSIONED_PARAMETER_PACK_MISSING,VERSIONED_PACK_SELECTION_ONLY,false,object,OPTIONAL_ONE,NODE_RUNTIME_REVIEW,OPTIONAL_CONTRACT_FIELD,NONE,NOT_APPLICABLE_SYSTEM_INJECTION,FIELD_DICTIONARY_GAP,PARAMETER_PACK_MERGE_REQUIRED,PARAMETER_PACK_MERGE_NOT_IMPLEMENTED,
metadata.allowed_use,allowed_use,metadata.allowed_use,RUN_ASSUMPTION,project-wizard:S00_BASELINE,system,,,OPTIONAL,system,,REQUIRE_EXPLICIT_RECORD_OR_DOCUMENTED_NOT_APPLICABLE,EXPLICIT_DECISION_REQUIRED,false,any,OPTIONAL_ONE,QRA_INPUT_SCHEMA,OPTIONAL_CONTRACT_FIELD,NONE,NOT_APPLICABLE_SYSTEM_INJECTION,FIELD_DICTIONARY_GAP,REVIEW_ASSEMBLY_GAP,REVIEW_ASSEMBLY_GAP,
metadata.case_id,案例编号,metadata.case_id,RUN_ASSUMPTION,project-wizard:S00_BASELINE,system,,,BLOCKING,system,human_qra,BLOCK_NODE_AND_REQUIRE_EXPLICIT_RUN_VALUE,EXPLICIT_DECISION_REQUIRED,false,string,OPTIONAL_ONE,FIELD_DICTIONARY|QRA_INPUT_SCHEMA|NODE_RUNTIME_REVIEW,PREFLIGHT_OR_RUNTIME_REQUIRED,NONE,NOT_APPLICABLE_SYSTEM_INJECTION,FIELD_DICTIONARY_SUPPORTED,GENERIC_REVIEW_ASSEMBLY_SUPPORTED,NONE,案例编号
metadata.conversion_scope,conversion_scope,metadata.conversion_scope,RUN_ASSUMPTION,project-wizard:S00_BASELINE,system,,,OPTIONAL,system,,REQUIRE_EXPLICIT_RECORD_OR_DOCUMENTED_NOT_APPLICABLE,EXPLICIT_DECISION_REQUIRED,false,any,OPTIONAL_ONE,QRA_INPUT_SCHEMA,OPTIONAL_CONTRACT_FIELD,NONE,NOT_APPLICABLE_SYSTEM_INJECTION,FIELD_DICTIONARY_GAP,REVIEW_ASSEMBLY_GAP,REVIEW_ASSEMBLY_GAP,
metadata.converter_note,converter_note,metadata.converter_note,RUN_ASSUMPTION,project-wizard:S00_BASELINE,system,,,OPTIONAL,system,,REQUIRE_EXPLICIT_RECORD_OR_DOCUMENTED_NOT_APPLICABLE,EXPLICIT_DECISION_REQUIRED,false,any,OPTIONAL_ONE,QRA_INPUT_SCHEMA,OPTIONAL_CONTRACT_FIELD,NONE,NOT_APPLICABLE_SYSTEM_INJECTION,FIELD_DICTIONARY_GAP,REVIEW_ASSEMBLY_GAP,REVIEW_ASSEMBLY_GAP,
metadata.created_at,created_at,metadata.created_at,RUN_ASSUMPTION,project-wizard:S00_BASELINE,system,,,OPTIONAL,system,,REQUIRE_EXPLICIT_RECORD_OR_DOCUMENTED_NOT_APPLICABLE,EXPLICIT_DECISION_REQUIRED,false,any,OPTIONAL_ONE,QRA_INPUT_SCHEMA,OPTIONAL_CONTRACT_FIELD,NONE,NOT_APPLICABLE_SYSTEM_INJECTION,FIELD_DICTIONARY_GAP,REVIEW_ASSEMBLY_GAP,REVIEW_ASSEMBLY_GAP,
metadata.data_classification,数据分类,metadata.data_classification,RUN_ASSUMPTION,project-wizard:S00_BASELINE,system,,,BLOCKING,system,human_qra,BLOCK_NODE_AND_REQUIRE_EXPLICIT_RUN_VALUE,EXPLICIT_DECISION_REQUIRED,false,enum,OPTIONAL_ONE,FIELD_DICTIONARY|QRA_INPUT_SCHEMA|NODE_RUNTIME_REVIEW,PREFLIGHT_OR_RUNTIME_REQUIRED,NONE,NOT_APPLICABLE_SYSTEM_INJECTION,FIELD_DICTIONARY_SUPPORTED,GENERIC_REVIEW_ASSEMBLY_SUPPORTED,NONE,数据分类
metadata.explicit_data_gaps,explicit_data_gaps,metadata.explicit_data_gaps,RUN_ASSUMPTION,project-wizard:S00_BASELINE,system,,,OPTIONAL,system,,REQUIRE_EXPLICIT_RECORD_OR_DOCUMENTED_NOT_APPLICABLE,EXPLICIT_DECISION_REQUIRED,false,any,OPTIONAL_ONE,QRA_INPUT_SCHEMA,OPTIONAL_CONTRACT_FIELD,NONE,NOT_APPLICABLE_SYSTEM_INJECTION,FIELD_DICTIONARY_GAP,REVIEW_ASSEMBLY_GAP,REVIEW_ASSEMBLY_GAP,
metadata.formal_qra_allowed,formal_qra_allowed,metadata.formal_qra_allowed,RUN_ASSUMPTION,project-wizard:S00_BASELINE,system,,,OPTIONAL,system,,REQUIRE_EXPLICIT_RECORD_OR_DOCUMENTED_NOT_APPLICABLE,EXPLICIT_DECISION_REQUIRED,false,any,OPTIONAL_ONE,QRA_INPUT_SCHEMA,OPTIONAL_CONTRACT_FIELD,NONE,NOT_APPLICABLE_SYSTEM_INJECTION,FIELD_DICTIONARY_GAP,REVIEW_ASSEMBLY_GAP,REVIEW_ASSEMBLY_GAP,
metadata.model_id,model_id,metadata.model_id,RUN_ASSUMPTION,project-wizard:S00_BASELINE,system,,,BLOCKING,system,human_qra,BLOCK_NODE_AND_REQUIRE_EXPLICIT_RUN_VALUE,EXPLICIT_DECISION_REQUIRED,false,any,OPTIONAL_ONE,QRA_INPUT_SCHEMA|NODE_RUNTIME_REVIEW,PREFLIGHT_OR_RUNTIME_REQUIRED,NONE,NOT_APPLICABLE_SYSTEM_INJECTION,FIELD_DICTIONARY_GAP,REVIEW_ASSEMBLY_GAP,REVIEW_ASSEMBLY_GAP,
metadata.name,name,metadata.name,RUN_ASSUMPTION,project-wizard:S00_BASELINE,system,,,OPTIONAL,system,,REQUIRE_EXPLICIT_RECORD_OR_DOCUMENTED_NOT_APPLICABLE,EXPLICIT_DECISION_REQUIRED,false,any,OPTIONAL_ONE,QRA_INPUT_SCHEMA,OPTIONAL_CONTRACT_FIELD,NONE,NOT_APPLICABLE_SYSTEM_INJECTION,FIELD_DICTIONARY_GAP,REVIEW_ASSEMBLY_GAP,REVIEW_ASSEMBLY_GAP,
metadata.prohibited_use,prohibited_use,metadata.prohibited_use,RUN_ASSUMPTION,project-wizard:S00_BASELINE,system,,,OPTIONAL,system,,REQUIRE_EXPLICIT_RECORD_OR_DOCUMENTED_NOT_APPLICABLE,EXPLICIT_DECISION_REQUIRED,false,any,OPTIONAL_ONE,QRA_INPUT_SCHEMA,OPTIONAL_CONTRACT_FIELD,NONE,NOT_APPLICABLE_SYSTEM_INJECTION,FIELD_DICTIONARY_GAP,REVIEW_ASSEMBLY_GAP,REVIEW_ASSEMBLY_GAP,
metadata.project_name,项目名称,metadata.project_name,RUN_ASSUMPTION,project-wizard:S00_BASELINE,system,,,OPTIONAL,system,,REQUIRE_EXPLICIT_RECORD_OR_DOCUMENTED_NOT_APPLICABLE,EXPLICIT_DECISION_REQUIRED,false,string,OPTIONAL_ONE,FIELD_DICTIONARY|QRA_INPUT_SCHEMA,OPTIONAL_CONTRACT_FIELD,NONE,NOT_APPLICABLE_SYSTEM_INJECTION,FIELD_DICTIONARY_SUPPORTED,GENERIC_REVIEW_ASSEMBLY_SUPPORTED,NONE,项目名称
metadata.run_profile,运行配置,metadata.run_profile,RUN_ASSUMPTION,project-wizard:S00_BASELINE,system,,,OPTIONAL,system,,REQUIRE_EXPLICIT_RECORD_OR_DOCUMENTED_NOT_APPLICABLE,EXPLICIT_DECISION_REQUIRED,false,enum,OPTIONAL_ONE,FIELD_DICTIONARY|QRA_INPUT_SCHEMA,OPTIONAL_CONTRACT_FIELD,NONE,NOT_APPLICABLE_SYSTEM_INJECTION,FIELD_DICTIONARY_SUPPORTED,GENERIC_REVIEW_ASSEMBLY_SUPPORTED,NONE,运行配置
metadata.version,version,metadata.version,RUN_ASSUMPTION,project-wizard:S00_BASELINE,system,,,OPTIONAL,system,,REQUIRE_EXPLICIT_RECORD_OR_DOCUMENTED_NOT_APPLICABLE,EXPLICIT_DECISION_REQUIRED,false,any,OPTIONAL_ONE,QRA_INPUT_SCHEMA,OPTIONAL_CONTRACT_FIELD,NONE,NOT_APPLICABLE_SYSTEM_INJECTION,FIELD_DICTIONARY_GAP,REVIEW_ASSEMBLY_GAP,REVIEW_ASSEMBLY_GAP,
metadata.warning,warning,metadata.warning,RUN_ASSUMPTION,project-wizard:S00_BASELINE,system,,,OPTIONAL,system,,REQUIRE_EXPLICIT_RECORD_OR_DOCUMENTED_NOT_APPLICABLE,EXPLICIT_DECISION_REQUIRED,false,any,OPTIONAL_ONE,QRA_INPUT_SCHEMA,OPTIONAL_CONTRACT_FIELD,NONE,NOT_APPLICABLE_SYSTEM_INJECTION,FIELD_DICTIONARY_GAP,REVIEW_ASSEMBLY_GAP,REVIEW_ASSEMBLY_GAP,
mock_adapter_output,测试适配器输出,mock_adapter_output,MODEL_PARAMETER,parameter-pack:synthetic-model-validation-fixture-v1,system,,,OPTIONAL,system,,BLOCK_NODE_IF_VERSIONED_PARAMETER_PACK_MISSING,VERSIONED_PACK_SELECTION_ONLY,false,object,OPTIONAL_ONE,FIELD_DICTIONARY|QRA_INPUT_SCHEMA,OPTIONAL_CONTRACT_FIELD,NONE,NOT_APPLICABLE_SYSTEM_INJECTION,FIELD_DICTIONARY_SUPPORTED,GENERIC_REVIEW_ASSEMBLY_SUPPORTED,NONE,仅用于合成测试和模型验证，不得作为客户资料抽取目标。
pipeline.design_pressure_mpa,设计压力,pipeline.design_pressure_mpa,PROJECT_FACT,01_管线与管段台账.xlsx,cell,MPa,MPa,BLOCKING,deterministic,adaptive_evidence_qra|data_inventory|human_qra|indicator_coverage,BLOCK_NODE_AND_REQUEST_SOURCE,BLOCK_AND_REQUIRE_HUMAN_DECISION,true,number,OPTIONAL_ONE,FIELD_DICTIONARY|QRA_INPUT_SCHEMA|NODE_RUNTIME_REVIEW,PREFLIGHT_OR_RUNTIME_REQUIRED,NONE,DETERMINISTIC_MAPPING_AVAILABLE,FIELD_DICTIONARY_SUPPORTED,GENERIC_REVIEW_ASSEMBLY_SUPPORTED,NONE,工程指标geometry_material.design_pressure_mpa；组：管道几何、材料与设计；要求：REQUIRED。
pipeline.gas_composition_mole_fraction,气体摩尔组分,pipeline.gas_composition_mole_fraction,PROJECT_FACT,03_天然气组分.xlsx,cell,%,fraction,BLOCKING,deterministic,aqt3046_source_term|data_inventory|human_qra,BLOCK_NODE_AND_REQUEST_SOURCE,BLOCK_AND_REQUIRE_HUMAN_DECISION,true,object,OPTIONAL_ONE,FIELD_DICTIONARY|QRA_INPUT_SCHEMA|NODE_RUNTIME_REVIEW,PREFLIGHT_OR_RUNTIME_REQUIRED|RUNTIME_REQUIRED_FOR_S00,NONE,NOT_MAPPED,FIELD_DICTIONARY_SUPPORTED,GENERIC_REVIEW_ASSEMBLY_SUPPORTED,DETERMINISTIC_MAPPING_GAP,气体摩尔组分
pipeline.gas_composition_mole_fraction.carbon_dioxide,二氧化碳摩尔分数,pipeline.gas_composition_mole_fraction.carbon_dioxide,PROJECT_FACT,02_运行工况.csv,cell,,,IMPORTANT,deterministic,adaptive_evidence_qra|data_inventory|indicator_coverage,OMIT_AND_RECORD_GAP_NO_SILENT_ZERO,BLOCK_AND_REQUIRE_HUMAN_DECISION,true,number,OPTIONAL_ONE,FIELD_DICTIONARY,OPTIONAL_CONTRACT_FIELD,NONE,NOT_MAPPED,FIELD_DICTIONARY_SUPPORTED,GENERIC_REVIEW_ASSEMBLY_SUPPORTED,DETERMINISTIC_MAPPING_GAP,工程指标operation_medium.gas_co2_fraction；组：运行工况与输送介质；要求：CONDITIONAL。
pipeline.gas_composition_mole_fraction.methane,甲烷摩尔分数,pipeline.gas_composition_mole_fraction.methane,PROJECT_FACT,02_运行工况.csv,cell,,,IMPORTANT,deterministic,adaptive_evidence_qra|data_inventory|indicator_coverage,OMIT_AND_RECORD_GAP_NO_SILENT_ZERO,BLOCK_AND_REQUIRE_HUMAN_DECISION,true,number,OPTIONAL_ONE,FIELD_DICTIONARY,OPTIONAL_CONTRACT_FIELD,NONE,NOT_MAPPED,FIELD_DICTIONARY_SUPPORTED,GENERIC_REVIEW_ASSEMBLY_SUPPORTED,DETERMINISTIC_MAPPING_GAP,工程指标operation_medium.gas_methane_fraction；组：运行工况与输送介质；要求：REQUIRED。
pipeline.installation,installation,pipeline.installation,PROJECT_FACT,01_管线与管段台账.xlsx,cell,,,IMPORTANT,deterministic,data_inventory,OMIT_AND_RECORD_GAP_NO_SILENT_ZERO,BLOCK_AND_REQUIRE_HUMAN_DECISION,true,any,OPTIONAL_ONE,QRA_INPUT_SCHEMA,OPTIONAL_CONTRACT_FIELD,NONE,NOT_MAPPED,FIELD_DICTIONARY_GAP,REVIEW_ASSEMBLY_GAP,DETERMINISTIC_MAPPING_GAP|EXTRACTION_SCHEMA_GAP|REVIEW_ASSEMBLY_GAP,
pipeline.material,material,pipeline.material,PROJECT_FACT,01_管线与管段台账.xlsx,cell,,,IMPORTANT,deterministic,data_inventory,OMIT_AND_RECORD_GAP_NO_SILENT_ZERO,BLOCK_AND_REQUIRE_HUMAN_DECISION,true,any,OPTIONAL_ONE,QRA_INPUT_SCHEMA,OPTIONAL_CONTRACT_FIELD,NONE,NOT_MAPPED,FIELD_DICTIONARY_GAP,REVIEW_ASSEMBLY_GAP,DETERMINISTIC_MAPPING_GAP|EXTRACTION_SCHEMA_GAP|REVIEW_ASSEMBLY_GAP,
pipeline.operating_pressure_data_status,operating_pressure_data_status,pipeline.operating_pressure_data_status,PROJECT_FACT,02_运行工况.csv,cell,,,IMPORTANT,deterministic,data_inventory,OMIT_AND_RECORD_GAP_NO_SILENT_ZERO,BLOCK_AND_REQUIRE_HUMAN_DECISION,true,any,OPTIONAL_ONE,QRA_INPUT_SCHEMA,OPTIONAL_CONTRACT_FIELD,NONE,NOT_MAPPED,FIELD_DICTIONARY_GAP,REVIEW_ASSEMBLY_GAP,DETERMINISTIC_MAPPING_GAP|EXTRACTION_SCHEMA_GAP|REVIEW_ASSEMBLY_GAP,
pipeline.operating_pressure_mpa,运行压力,pipeline.operating_pressure_mpa,PROJECT_FACT,02_运行工况.csv,cell,MPa,MPa,BLOCKING,deterministic,adaptive_evidence_qra|aqt3046_source_term|data_inventory|gbt34346_annex_c|human_qra|indicator_coverage,BLOCK_NODE_AND_REQUEST_SOURCE,BLOCK_AND_REQUIRE_HUMAN_DECISION,true,number,OPTIONAL_ONE,FIELD_DICTIONARY|QRA_INPUT_SCHEMA|NODE_RUNTIME_REVIEW,EXPLICIT_REQUIRED|PREFLIGHT_OR_RUNTIME_REQUIRED,NONE,DETERMINISTIC_MAPPING_AVAILABLE,FIELD_DICTIONARY_SUPPORTED,GENERIC_REVIEW_ASSEMBLY_SUPPORTED,NONE,工程指标operation_medium.operating_pressure_mpa；组：运行工况与输送介质；要求：REQUIRED。
pipeline.operating_temperature_data_status,operating_temperature_data_status,pipeline.operating_temperature_data_status,PROJECT_FACT,02_运行工况.csv,cell,,,IMPORTANT,deterministic,data_inventory,OMIT_AND_RECORD_GAP_NO_SILENT_ZERO,BLOCK_AND_REQUIRE_HUMAN_DECISION,true,any,OPTIONAL_ONE,QRA_INPUT_SCHEMA,OPTIONAL_CONTRACT_FIELD,NONE,NOT_MAPPED,FIELD_DICTIONARY_GAP,REVIEW_ASSEMBLY_GAP,DETERMINISTIC_MAPPING_GAP|EXTRACTION_SCHEMA_GAP|REVIEW_ASSEMBLY_GAP,
pipeline.operating_temperature_k,运行温度,pipeline.operating_temperature_k,PROJECT_FACT,02_运行工况.csv,cell,°C,K,BLOCKING,deterministic,adaptive_evidence_qra|aqt3046_source_term|data_inventory|gbt34346_annex_c|human_qra|indicator_coverage,BLOCK_NODE_AND_REQUEST_SOURCE,BLOCK_AND_REQUIRE_HUMAN_DECISION,true,number,OPTIONAL_ONE,FIELD_DICTIONARY|QRA_INPUT_SCHEMA|NODE_RUNTIME_REVIEW,EXPLICIT_REQUIRED|PREFLIGHT_OR_RUNTIME_REQUIRED,NONE,DETERMINISTIC_MAPPING_AVAILABLE,FIELD_DICTIONARY_SUPPORTED,GENERIC_REVIEW_ASSEMBLY_SUPPORTED,NONE,工程指标operation_medium.operating_temperature_k；组：运行工况与输送介质；要求：REQUIRED。
pipeline.outside_diameter_mm,管线共性外径,pipeline.outside_diameter_mm,PROJECT_FACT,01_管线与管段台账.xlsx,cell,mm,mm,IMPORTANT,deterministic,data_inventory,OMIT_AND_RECORD_GAP_NO_SILENT_ZERO,BLOCK_AND_REQUIRE_HUMAN_DECISION,true,number,OPTIONAL_ONE,FIELD_DICTIONARY|QRA_INPUT_SCHEMA,OPTIONAL_CONTRACT_FIELD,NONE,DETERMINISTIC_MAPPING_AVAILABLE,FIELD_DICTIONARY_SUPPORTED,GENERIC_REVIEW_ASSEMBLY_SUPPORTED,NONE,管线共性外径
pipeline.pipeline_id,管线编号,pipeline.pipeline_id,PROJECT_FACT,01_管线与管段台账.xlsx,cell,,,IMPORTANT,deterministic,data_inventory,OMIT_AND_RECORD_GAP_NO_SILENT_ZERO,BLOCK_AND_REQUIRE_HUMAN_DECISION,true,string,OPTIONAL_ONE,FIELD_DICTIONARY|QRA_INPUT_SCHEMA,OPTIONAL_CONTRACT_FIELD,NONE,DETERMINISTIC_MAPPING_AVAILABLE,FIELD_DICTIONARY_SUPPORTED,GENERIC_REVIEW_ASSEMBLY_SUPPORTED,NONE,管线编号
pipeline.population_spatial_data_status,population_spatial_data_status,pipeline.population_spatial_data_status,PROJECT_FACT,01_管线与管段台账.xlsx,cell,,,IMPORTANT,deterministic,data_inventory,OMIT_AND_RECORD_GAP_NO_SILENT_ZERO,BLOCK_AND_REQUIRE_HUMAN_DECISION,true,any,OPTIONAL_ONE,QRA_INPUT_SCHEMA,OPTIONAL_CONTRACT_FIELD,NONE,NOT_MAPPED,FIELD_DICTIONARY_GAP,REVIEW_ASSEMBLY_GAP,DETERMINISTIC_MAPPING_GAP|EXTRACTION_SCHEMA_GAP|REVIEW_ASSEMBLY_GAP,
pipeline.service,输送介质类型,pipeline.service,PROJECT_FACT,02_运行工况.csv,cell,,,IMPORTANT,deterministic,adaptive_evidence_qra|data_inventory|indicator_coverage,OMIT_AND_RECORD_GAP_NO_SILENT_ZERO,BLOCK_AND_REQUIRE_HUMAN_DECISION,true,string,OPTIONAL_ONE,FIELD_DICTIONARY|QRA_INPUT_SCHEMA,OPTIONAL_CONTRACT_FIELD,NONE,DETERMINISTIC_MAPPING_AVAILABLE,FIELD_DICTIONARY_SUPPORTED,GENERIC_REVIEW_ASSEMBLY_SUPPORTED,NONE,工程指标operation_medium.service；组：运行工况与输送介质；要求：REQUIRED。
pipeline.source_refs,source_refs,pipeline.source_refs,PROJECT_FACT,01_管线与管段台账.xlsx,cell,,,IMPORTANT,deterministic,data_inventory,OMIT_AND_RECORD_GAP_NO_SILENT_ZERO,BLOCK_AND_REQUIRE_HUMAN_DECISION,true,any,OPTIONAL_ONE,QRA_INPUT_SCHEMA,OPTIONAL_CONTRACT_FIELD,NONE,NOT_MAPPED,FIELD_DICTIONARY_GAP,REVIEW_ASSEMBLY_GAP,DETERMINISTIC_MAPPING_GAP|EXTRACTION_SCHEMA_GAP|REVIEW_ASSEMBLY_GAP,
pipeline.total_length_km,管线总长度,pipeline.total_length_km,PROJECT_FACT,01_管线与管段台账.xlsx,cell,km,km,IMPORTANT,deterministic,data_inventory,OMIT_AND_RECORD_GAP_NO_SILENT_ZERO,BLOCK_AND_REQUIRE_HUMAN_DECISION,true,number,OPTIONAL_ONE,FIELD_DICTIONARY|QRA_INPUT_SCHEMA,OPTIONAL_CONTRACT_FIELD,NONE,DETERMINISTIC_MAPPING_AVAILABLE,FIELD_DICTIONARY_SUPPORTED,GENERIC_REVIEW_ASSEMBLY_SUPPORTED,NONE,管线总长度
pipeline.wall_thickness_data_status,wall_thickness_data_status,pipeline.wall_thickness_data_status,PROJECT_FACT,01_管线与管段台账.xlsx,cell,,,IMPORTANT,deterministic,data_inventory,OMIT_AND_RECORD_GAP_NO_SILENT_ZERO,BLOCK_AND_REQUIRE_HUMAN_DECISION,true,any,OPTIONAL_ONE,QRA_INPUT_SCHEMA,OPTIONAL_CONTRACT_FIELD,NONE,NOT_MAPPED,FIELD_DICTIONARY_GAP,REVIEW_ASSEMBLY_GAP,DETERMINISTIC_MAPPING_GAP|EXTRACTION_SCHEMA_GAP|REVIEW_ASSEMBLY_GAP,
pipeline.wall_thickness_mm,管线共性壁厚,pipeline.wall_thickness_mm,PROJECT_FACT,01_管线与管段台账.xlsx,cell,mm,mm,IMPORTANT,deterministic,data_inventory,OMIT_AND_RECORD_GAP_NO_SILENT_ZERO,BLOCK_AND_REQUIRE_HUMAN_DECISION,true,number,OPTIONAL_ONE,FIELD_DICTIONARY|QRA_INPUT_SCHEMA,OPTIONAL_CONTRACT_FIELD,NONE,NOT_MAPPED,FIELD_DICTIONARY_SUPPORTED,GENERIC_REVIEW_ASSEMBLY_SUPPORTED,DETERMINISTIC_MAPPING_GAP,管线共性壁厚
population_cell.cell_id,人口网格编号,population_cells.*.cell_id,PROJECT_FACT,07_人口和敏感受体.xlsx,cell,,,BLOCKING,deterministic,data_inventory|human_qra,BLOCK_NODE_AND_REQUEST_SOURCE,BLOCK_AND_REQUIRE_HUMAN_DECISION,true,string,MANY,FIELD_DICTIONARY|NODE_RUNTIME_REVIEW,PREFLIGHT_OR_RUNTIME_REQUIRED,NONE,NOT_MAPPED,FIELD_DICTIONARY_SUPPORTED,GENERIC_REVIEW_ASSEMBLY_REQUIRES_ENTITY_CONTAINER,DETERMINISTIC_MAPPING_GAP,人口网格编号
population_cell.outdoor_fraction_day,昼间室外人口比例,population_cells.*.outdoor_fraction_day,PROJECT_FACT,07_人口和敏感受体.xlsx,cell,,,IMPORTANT,deterministic,adaptive_evidence_qra|data_inventory|human_qra|indicator_coverage,OMIT_AND_RECORD_GAP_NO_SILENT_ZERO,BLOCK_AND_REQUIRE_HUMAN_DECISION,true,number,MANY,FIELD_DICTIONARY|NODE_RUNTIME_REVIEW,OPTIONAL_WITH_EXPLICIT_PRIOR,CURRENT_CODE_DEFAULT=1.0; REGISTERED_IN_SYNTHETIC_CONSEQUENCE_PARAMETERS_V1,DETERMINISTIC_MAPPING_AVAILABLE,FIELD_DICTIONARY_SUPPORTED,GENERIC_REVIEW_ASSEMBLY_REQUIRES_ENTITY_CONTAINER,NONE,工程指标population_receptors.outdoor_fraction_day；组：人口、建筑与敏感受体；要求：REQUIRED。
population_cell.outdoor_fraction_night,夜间室外人口比例,population_cells.*.outdoor_fraction_night,PROJECT_FACT,07_人口和敏感受体.xlsx,cell,,,IMPORTANT,deterministic,adaptive_evidence_qra|data_inventory|human_qra|indicator_coverage,OMIT_AND_RECORD_GAP_NO_SILENT_ZERO,BLOCK_AND_REQUIRE_HUMAN_DECISION,true,number,MANY,FIELD_DICTIONARY|NODE_RUNTIME_REVIEW,OPTIONAL_WITH_EXPLICIT_PRIOR,CURRENT_CODE_DEFAULT=1.0; REGISTERED_IN_SYNTHETIC_CONSEQUENCE_PARAMETERS_V1,DETERMINISTIC_MAPPING_AVAILABLE,FIELD_DICTIONARY_SUPPORTED,GENERIC_REVIEW_ASSEMBLY_REQUIRES_ENTITY_CONTAINER,NONE,工程指标population_receptors.outdoor_fraction_night；组：人口、建筑与敏感受体；要求：REQUIRED。
population_cell.population_day,昼间人口,population_cells.*.population_day,PROJECT_FACT,07_人口和敏感受体.xlsx,cell,person,person,BLOCKING,deterministic,adaptive_evidence_qra|data_inventory|human_qra|indicator_coverage,BLOCK_NODE_AND_REQUEST_SOURCE,BLOCK_AND_REQUIRE_HUMAN_DECISION,true,number,MANY,FIELD_DICTIONARY|NODE_RUNTIME_REVIEW,OPTIONAL|PREFLIGHT_OR_RUNTIME_REQUIRED,NONE,DETERMINISTIC_MAPPING_AVAILABLE,FIELD_DICTIONARY_SUPPORTED,GENERIC_REVIEW_ASSEMBLY_REQUIRES_ENTITY_CONTAINER,NONE,工程指标population_receptors.population_day；组：人口、建筑与敏感受体；要求：REQUIRED。
population_cell.population_night,夜间人口,population_cells.*.population_night,PROJECT_FACT,07_人口和敏感受体.xlsx,cell,person,person,BLOCKING,deterministic,adaptive_evidence_qra|data_inventory|human_qra|indicator_coverage,BLOCK_NODE_AND_REQUEST_SOURCE,BLOCK_AND_REQUIRE_HUMAN_DECISION,true,number,MANY,FIELD_DICTIONARY|NODE_RUNTIME_REVIEW,OPTIONAL|PREFLIGHT_OR_RUNTIME_REQUIRED,NONE,DETERMINISTIC_MAPPING_AVAILABLE,FIELD_DICTIONARY_SUPPORTED,GENERIC_REVIEW_ASSEMBLY_REQUIRES_ENTITY_CONTAINER,NONE,工程指标population_receptors.population_night；组：人口、建筑与敏感受体；要求：REQUIRED。
population_cell.receptor_type,受体类型,population_cells.*.receptor_type,PROJECT_FACT,07_人口和敏感受体.xlsx,cell,,,IMPORTANT,deterministic,adaptive_evidence_qra|data_inventory|indicator_coverage,OMIT_AND_RECORD_GAP_NO_SILENT_ZERO,BLOCK_AND_REQUIRE_HUMAN_DECISION,true,string,MANY,FIELD_DICTIONARY,OPTIONAL_CONTRACT_FIELD,NONE,RAW_CATEGORY_BRIDGE_AVAILABLE,FIELD_DICTIONARY_SUPPORTED,GENERIC_REVIEW_ASSEMBLY_REQUIRES_ENTITY_CONTAINER,NONE,工程指标population_receptors.receptor_type；组：人口、建筑与敏感受体；要求：REQUIRED。
population_cell.xy_m,受体坐标,population_cells.*.xy_m,PROJECT_FACT,07_人口和敏感受体.xlsx,cell,m,m,BLOCKING,deterministic,adaptive_evidence_qra|data_inventory|human_qra|indicator_coverage,BLOCK_NODE_AND_REQUEST_SOURCE,BLOCK_AND_REQUIRE_HUMAN_DECISION,true,array,MANY,FIELD_DICTIONARY|NODE_RUNTIME_REVIEW,OPTIONAL|PREFLIGHT_OR_RUNTIME_REQUIRED,NONE,DETERMINISTIC_MAPPING_AVAILABLE,FIELD_DICTIONARY_SUPPORTED,GENERIC_REVIEW_ASSEMBLY_REQUIRES_ENTITY_CONTAINER,NONE,工程指标population_receptors.receptor_xy；组：人口、建筑与敏感受体；要求：REQUIRED。
population_cells,population_cells,population_cells,PROJECT_FACT,07_人口和敏感受体.xlsx,cell,,,IMPORTANT,deterministic,data_inventory,OMIT_AND_RECORD_GAP_NO_SILENT_ZERO,BLOCK_AND_REQUIRE_HUMAN_DECISION,true,array,OPTIONAL_ONE,QRA_INPUT_SCHEMA,OPTIONAL_CONTRACT_FIELD,NONE,NOT_MAPPED,FIELD_DICTIONARY_GAP,REVIEW_ASSEMBLY_GAP,DETERMINISTIC_MAPPING_GAP|EXTRACTION_SCHEMA_GAP|REVIEW_ASSEMBLY_GAP,
raw_data_categories,原始资料类别,raw_data_categories,PROJECT_FACT,01_管线与管段台账.xlsx|02_运行工况.csv|03_天然气组分.xlsx|04_CIPS与腐蚀检测.xlsx|05_缺陷与维修记录.docx|06_第三方与巡线记录.xlsx|07_人口和敏感受体.xlsx|08_气象联合概率.csv|09_现场检查扫描件.pdf|10_现场照片说明.png,mixed,,,IMPORTANT,deterministic/ocr/llm,data_inventory,OMIT_AND_RECORD_GAP_NO_SILENT_ZERO,BLOCK_AND_REQUIRE_HUMAN_DECISION,true,object,OPTIONAL_ONE,FIELD_DICTIONARY|QRA_INPUT_SCHEMA|NODE_RUNTIME_REVIEW,OPTIONAL,NONE,NOT_MAPPED,FIELD_DICTIONARY_SUPPORTED,GENERIC_REVIEW_ASSEMBLY_SUPPORTED,DETERMINISTIC_MAPPING_GAP,原始资料类别
risk_matrix_criteria,风险矩阵展示准则,risk_matrix_criteria,MODEL_PARAMETER,parameter-pack:synthetic-risk-criteria-v1,system,,,IMPORTANT,system,risk_matrix,BLOCK_NODE_IF_VERSIONED_PARAMETER_PACK_MISSING,VERSIONED_PACK_SELECTION_ONLY,false,object,OPTIONAL_ONE,QRA_INPUT_SCHEMA|NODE_RUNTIME_REVIEW,OPTIONAL,VERSIONED_SYSTEM_CRITERIA_PRIOR,NOT_APPLICABLE_SYSTEM_INJECTION,FIELD_DICTIONARY_GAP,PARAMETER_PACK_MERGE_REQUIRED,PARAMETER_PACK_MERGE_NOT_IMPLEMENTED,
schema_version,schema_version,schema_version,RUN_ASSUMPTION,run-assumption:S00_BASELINE-v1,system,,,OPTIONAL,system,,REQUIRE_EXPLICIT_RECORD_OR_DOCUMENTED_NOT_APPLICABLE,EXPLICIT_DECISION_REQUIRED,false,string,OPTIONAL_ONE,QRA_INPUT_SCHEMA,OPTIONAL_CONTRACT_FIELD,NONE,NOT_APPLICABLE_SYSTEM_INJECTION,FIELD_DICTIONARY_GAP,REVIEW_ASSEMBLY_GAP,REVIEW_ASSEMBLY_GAP,
segment.area_activity,区域活动等级,segments.*.area_activity,PROJECT_FACT,06_第三方与巡线记录.xlsx,cell,,,BLOCKING,deterministic,adaptive_evidence_qra|data_inventory|human_qra|indicator_coverage,BLOCK_NODE_AND_REQUEST_SOURCE,BLOCK_AND_REQUIRE_HUMAN_DECISION,true,string,MANY,FIELD_DICTIONARY|QRA_INPUT_SCHEMA|NODE_RUNTIME_REVIEW,PREFLIGHT_OR_RUNTIME_REQUIRED,NONE,RAW_CATEGORY_BRIDGE_AVAILABLE,FIELD_DICTIONARY_SUPPORTED,GENERIC_REVIEW_ASSEMBLY_REQUIRES_ENTITY_CONTAINER,NONE,工程指标third_party.area_activity_level；组：第三方损伤与占压活动；要求：REQUIRED。
segment.burial_depth_m,埋深,segments.*.burial_depth_m,PROJECT_FACT,06_第三方与巡线记录.xlsx,cell,m,m,IMPORTANT,deterministic,adaptive_evidence_qra|data_inventory|indicator_coverage,OMIT_AND_RECORD_GAP_NO_SILENT_ZERO,BLOCK_AND_REQUIRE_HUMAN_DECISION,true,number,MANY,FIELD_DICTIONARY|QRA_INPUT_SCHEMA,OPTIONAL_CONTRACT_FIELD,NONE,RAW_CATEGORY_BRIDGE_AVAILABLE,FIELD_DICTIONARY_SUPPORTED,GENERIC_REVIEW_ASSEMBLY_REQUIRES_ENTITY_CONTAINER,NONE,工程指标third_party.burial_depth_m；组：第三方损伤与占压活动；要求：REQUIRED。
segment.commissioning_year,投产年份,segments.*.commissioning_year,PROJECT_FACT,01_管线与管段台账.xlsx,cell,year,year,IMPORTANT,deterministic,adaptive_evidence_qra|data_inventory|indicator_coverage,OMIT_AND_RECORD_GAP_NO_SILENT_ZERO,BLOCK_AND_REQUIRE_HUMAN_DECISION,true,integer,MANY,FIELD_DICTIONARY|QRA_INPUT_SCHEMA,OPTIONAL_CONTRACT_FIELD,NONE,NOT_MAPPED,FIELD_DICTIONARY_SUPPORTED,GENERIC_REVIEW_ASSEMBLY_REQUIRES_ENTITY_CONTAINER,DETERMINISTIC_MAPPING_GAP,工程指标geometry_material.commissioning_year；组：管道几何、材料与设计；要求：REQUIRED。
segment.downstream_valve_km,下游隔离阀里程,segments.*.downstream_valve_km,PROJECT_FACT,02_运行工况.csv,cell,km,km,BLOCKING,deterministic,adaptive_evidence_qra|aqt3046_source_term|data_inventory|human_qra|indicator_coverage,BLOCK_NODE_AND_REQUEST_SOURCE,BLOCK_AND_REQUIRE_HUMAN_DECISION,true,number,MANY,FIELD_DICTIONARY|QRA_INPUT_SCHEMA|NODE_RUNTIME_REVIEW,EXPLICIT_REQUIRED|PREFLIGHT_OR_RUNTIME_REQUIRED,NONE,RAW_CATEGORY_BRIDGE_AVAILABLE,FIELD_DICTIONARY_SUPPORTED,GENERIC_REVIEW_ASSEMBLY_REQUIRES_ENTITY_CONTAINER,NONE,工程指标valve_control.downstream_valve_chainage_km；组：阀室、隔离、监控与泄漏检测；要求：REQUIRED。
segment.end_km,终点里程,segments.*.end_km,PROJECT_FACT,01_管线与管段台账.xlsx,cell,km,km,BLOCKING,deterministic,adaptive_evidence_qra|aqt3046_source_term|data_inventory|human_qra|indicator_coverage|leak_point_discretization|segment_geometry,BLOCK_NODE_AND_REQUEST_SOURCE,BLOCK_AND_REQUIRE_HUMAN_DECISION,true,number,MANY,FIELD_DICTIONARY|QRA_INPUT_SCHEMA|NODE_RUNTIME_REVIEW,EXPLICIT_REQUIRED|PREFLIGHT_OR_RUNTIME_REQUIRED|RUNTIME_REQUIRED_FOR_S00|UPSTREAM_REQUIRED,NONE,DETERMINISTIC_MAPPING_AVAILABLE,FIELD_DICTIONARY_SUPPORTED,GENERIC_REVIEW_ASSEMBLY_REQUIRES_ENTITY_CONTAINER,NONE,工程指标geometry_material.end_chainage_km；组：管道几何、材料与设计；要求：REQUIRED。
segment.end_xy_m,管段终点坐标,segments.*.end_xy_m,PROJECT_FACT,01_管线与管段台账.xlsx,cell,m,m,BLOCKING,deterministic,data_inventory|human_qra|leak_point_discretization,BLOCK_NODE_AND_REQUEST_SOURCE,BLOCK_AND_REQUIRE_HUMAN_DECISION,true,array,MANY,FIELD_DICTIONARY|QRA_INPUT_SCHEMA|NODE_RUNTIME_REVIEW,EXPLICIT_REQUIRED|PREFLIGHT_OR_RUNTIME_REQUIRED,NONE,NOT_MAPPED,FIELD_DICTIONARY_SUPPORTED,GENERIC_REVIEW_ASSEMBLY_REQUIRES_ENTITY_CONTAINER,DETERMINISTIC_MAPPING_GAP,管段终点坐标
segment.leak_detection_time_s,泄漏检测时间,segments.*.leak_detection_time_s,PROJECT_FACT,02_运行工况.csv,cell,s,s,IMPORTANT,deterministic,adaptive_evidence_qra|data_inventory|indicator_coverage,OMIT_AND_RECORD_GAP_NO_SILENT_ZERO,BLOCK_AND_REQUIRE_HUMAN_DECISION,true,number,MANY,FIELD_DICTIONARY|QRA_INPUT_SCHEMA,OPTIONAL_CONTRACT_FIELD,NONE,RAW_CATEGORY_BRIDGE_AVAILABLE,FIELD_DICTIONARY_SUPPORTED,GENERIC_REVIEW_ASSEMBLY_REQUIRES_ENTITY_CONTAINER,NONE,工程指标valve_control.leak_detection_time_s；组：阀室、隔离、监控与泄漏检测；要求：REQUIRED。
segment.length_km,管段长度,segments.*.length_km,PROJECT_FACT,01_管线与管段台账.xlsx,cell,km,km,BLOCKING,deterministic,adaptive_evidence_qra|data_inventory|human_qra|indicator_coverage|segment_geometry,BLOCK_NODE_AND_REQUEST_SOURCE,BLOCK_AND_REQUIRE_HUMAN_DECISION,true,number,MANY,FIELD_DICTIONARY|QRA_INPUT_SCHEMA|NODE_RUNTIME_REVIEW,EXPLICIT_REQUIRED|PREFLIGHT_OR_RUNTIME_REQUIRED,NONE,DETERMINISTIC_MAPPING_AVAILABLE,FIELD_DICTIONARY_SUPPORTED,GENERIC_REVIEW_ASSEMBLY_REQUIRES_ENTITY_CONTAINER,NONE,工程指标geometry_material.length_km；组：管道几何、材料与设计；要求：REQUIRED。
segment.material_grade,material_grade,segments.*.material_grade,PROJECT_FACT,01_管线与管段台账.xlsx,cell,,,IMPORTANT,deterministic,data_inventory,OMIT_AND_RECORD_GAP_NO_SILENT_ZERO,BLOCK_AND_REQUIRE_HUMAN_DECISION,true,any,MANY,QRA_INPUT_SCHEMA,OPTIONAL_CONTRACT_FIELD,NONE,DETERMINISTIC_MAPPING_AVAILABLE,FIELD_DICTIONARY_GAP,REVIEW_ASSEMBLY_GAP,EXTRACTION_SCHEMA_GAP|REVIEW_ASSEMBLY_GAP,
segment.outside_diameter_mm,外径,segments.*.outside_diameter_mm,PROJECT_FACT,01_管线与管段台账.xlsx,cell,mm,mm,BLOCKING,deterministic,adaptive_evidence_qra|aqt3046_source_term|data_inventory|gbt34346_annex_c|human_qra|indicator_coverage,BLOCK_NODE_AND_REQUEST_SOURCE,BLOCK_AND_REQUIRE_HUMAN_DECISION,true,number,MANY,FIELD_DICTIONARY|QRA_INPUT_SCHEMA|NODE_RUNTIME_REVIEW,EXPLICIT_REQUIRED|PREFLIGHT_OR_RUNTIME_REQUIRED,NONE,DETERMINISTIC_MAPPING_AVAILABLE,FIELD_DICTIONARY_SUPPORTED,GENERIC_REVIEW_ASSEMBLY_REQUIRES_ENTITY_CONTAINER,NONE,工程指标geometry_material.outside_diameter_mm；组：管道几何、材料与设计；要求：REQUIRED。
segment.population_context,population_context,segments.*.population_context,PROJECT_FACT,01_管线与管段台账.xlsx,cell,,,IMPORTANT,deterministic,data_inventory,OMIT_AND_RECORD_GAP_NO_SILENT_ZERO,BLOCK_AND_REQUIRE_HUMAN_DECISION,true,any,MANY,QRA_INPUT_SCHEMA,OPTIONAL_CONTRACT_FIELD,NONE,NOT_MAPPED,FIELD_DICTIONARY_GAP,REVIEW_ASSEMBLY_GAP,DETERMINISTIC_MAPPING_GAP|EXTRACTION_SCHEMA_GAP|REVIEW_ASSEMBLY_GAP,
segment.quality,quality,segments.*.quality,PROJECT_FACT,01_管线与管段台账.xlsx,cell,,,IMPORTANT,deterministic,data_inventory,OMIT_AND_RECORD_GAP_NO_SILENT_ZERO,BLOCK_AND_REQUIRE_HUMAN_DECISION,true,any,MANY,QRA_INPUT_SCHEMA,OPTIONAL_CONTRACT_FIELD,NONE,NOT_MAPPED,FIELD_DICTIONARY_GAP,REVIEW_ASSEMBLY_GAP,DETERMINISTIC_MAPPING_GAP|EXTRACTION_SCHEMA_GAP|REVIEW_ASSEMBLY_GAP,
segment.review_status,review_status,segments.*.review_status,PROJECT_FACT,01_管线与管段台账.xlsx,cell,,,IMPORTANT,deterministic,data_inventory,OMIT_AND_RECORD_GAP_NO_SILENT_ZERO,BLOCK_AND_REQUIRE_HUMAN_DECISION,true,any,MANY,QRA_INPUT_SCHEMA,OPTIONAL_CONTRACT_FIELD,NONE,NOT_MAPPED,FIELD_DICTIONARY_GAP,REVIEW_ASSEMBLY_GAP,DETERMINISTIC_MAPPING_GAP|EXTRACTION_SCHEMA_GAP|REVIEW_ASSEMBLY_GAP,
segment.segment_id,管段编号,segments.*.segment_id,PROJECT_FACT,01_管线与管段台账.xlsx,cell,,,BLOCKING,deterministic,aqt3046_source_term|data_inventory|human_qra|leak_point_discretization|segment_geometry,BLOCK_NODE_AND_REQUEST_SOURCE,BLOCK_AND_REQUIRE_HUMAN_DECISION,true,string,MANY,FIELD_DICTIONARY|QRA_INPUT_SCHEMA|NODE_RUNTIME_REVIEW,EXPLICIT_REQUIRED|PREFLIGHT_OR_RUNTIME_REQUIRED|RUNTIME_REQUIRED_FOR_S00|UPSTREAM_REQUIRED,NONE,DETERMINISTIC_MAPPING_AVAILABLE,FIELD_DICTIONARY_SUPPORTED,GENERIC_REVIEW_ASSEMBLY_REQUIRES_ENTITY_CONTAINER,NONE,管段编号
segment.source_ref,source_ref,segments.*.source_ref,PROJECT_FACT,01_管线与管段台账.xlsx,cell,,,IMPORTANT,deterministic,data_inventory,OMIT_AND_RECORD_GAP_NO_SILENT_ZERO,BLOCK_AND_REQUIRE_HUMAN_DECISION,true,any,MANY,QRA_INPUT_SCHEMA,OPTIONAL_CONTRACT_FIELD,NONE,NOT_MAPPED,FIELD_DICTIONARY_GAP,REVIEW_ASSEMBLY_GAP,DETERMINISTIC_MAPPING_GAP|EXTRACTION_SCHEMA_GAP|REVIEW_ASSEMBLY_GAP,
segment.source_refs,source_refs,segments.*.source_refs,PROJECT_FACT,01_管线与管段台账.xlsx,cell,,,IMPORTANT,deterministic,data_inventory,OMIT_AND_RECORD_GAP_NO_SILENT_ZERO,BLOCK_AND_REQUIRE_HUMAN_DECISION,true,any,MANY,QRA_INPUT_SCHEMA,OPTIONAL_CONTRACT_FIELD,NONE,NOT_MAPPED,FIELD_DICTIONARY_GAP,REVIEW_ASSEMBLY_GAP,DETERMINISTIC_MAPPING_GAP|EXTRACTION_SCHEMA_GAP|REVIEW_ASSEMBLY_GAP,
segment.split_reason,split_reason,segments.*.split_reason,PROJECT_FACT,01_管线与管段台账.xlsx,cell,,,IMPORTANT,deterministic,data_inventory,OMIT_AND_RECORD_GAP_NO_SILENT_ZERO,BLOCK_AND_REQUIRE_HUMAN_DECISION,true,any,MANY,QRA_INPUT_SCHEMA,OPTIONAL_CONTRACT_FIELD,NONE,NOT_MAPPED,FIELD_DICTIONARY_GAP,REVIEW_ASSEMBLY_GAP,DETERMINISTIC_MAPPING_GAP|EXTRACTION_SCHEMA_GAP|REVIEW_ASSEMBLY_GAP,
segment.start_km,起点里程,segments.*.start_km,PROJECT_FACT,01_管线与管段台账.xlsx,cell,km,km,BLOCKING,deterministic,adaptive_evidence_qra|aqt3046_source_term|data_inventory|human_qra|indicator_coverage|leak_point_discretization|segment_geometry,BLOCK_NODE_AND_REQUEST_SOURCE,BLOCK_AND_REQUIRE_HUMAN_DECISION,true,number,MANY,FIELD_DICTIONARY|QRA_INPUT_SCHEMA|NODE_RUNTIME_REVIEW,EXPLICIT_REQUIRED|PREFLIGHT_OR_RUNTIME_REQUIRED|RUNTIME_REQUIRED_FOR_S00|UPSTREAM_REQUIRED,NONE,DETERMINISTIC_MAPPING_AVAILABLE,FIELD_DICTIONARY_SUPPORTED,GENERIC_REVIEW_ASSEMBLY_REQUIRES_ENTITY_CONTAINER,NONE,工程指标geometry_material.start_chainage_km；组：管道几何、材料与设计；要求：REQUIRED。
segment.start_xy_m,中心线平面坐标,segments.*.start_xy_m,PROJECT_FACT,01_管线与管段台账.xlsx,cell,m,m,BLOCKING,deterministic,adaptive_evidence_qra|data_inventory|human_qra|indicator_coverage|leak_point_discretization,BLOCK_NODE_AND_REQUEST_SOURCE,BLOCK_AND_REQUIRE_HUMAN_DECISION,true,array,MANY,FIELD_DICTIONARY|QRA_INPUT_SCHEMA|NODE_RUNTIME_REVIEW,EXPLICIT_REQUIRED|PREFLIGHT_OR_RUNTIME_REQUIRED,NONE,NOT_MAPPED,FIELD_DICTIONARY_SUPPORTED,GENERIC_REVIEW_ASSEMBLY_REQUIRES_ENTITY_CONTAINER,DETERMINISTIC_MAPPING_GAP,工程指标geometry_material.centreline_xy；组：管道几何、材料与设计；要求：REQUIRED。
segment.steel_grade,钢级,segments.*.steel_grade,PROJECT_FACT,01_管线与管段台账.xlsx,cell,,,IMPORTANT,deterministic,adaptive_evidence_qra|data_inventory|indicator_coverage,OMIT_AND_RECORD_GAP_NO_SILENT_ZERO,BLOCK_AND_REQUIRE_HUMAN_DECISION,true,string,MANY,FIELD_DICTIONARY|QRA_INPUT_SCHEMA,OPTIONAL_CONTRACT_FIELD,NONE,NOT_MAPPED,FIELD_DICTIONARY_SUPPORTED,GENERIC_REVIEW_ASSEMBLY_REQUIRES_ENTITY_CONTAINER,DETERMINISTIC_MAPPING_GAP,工程指标geometry_material.steel_grade；组：管道几何、材料与设计；要求：REQUIRED。
segment.upstream_valve_km,上游隔离阀里程,segments.*.upstream_valve_km,PROJECT_FACT,02_运行工况.csv,cell,km,km,BLOCKING,deterministic,adaptive_evidence_qra|aqt3046_source_term|data_inventory|human_qra|indicator_coverage,BLOCK_NODE_AND_REQUEST_SOURCE,BLOCK_AND_REQUIRE_HUMAN_DECISION,true,number,MANY,FIELD_DICTIONARY|QRA_INPUT_SCHEMA|NODE_RUNTIME_REVIEW,EXPLICIT_REQUIRED|PREFLIGHT_OR_RUNTIME_REQUIRED,NONE,RAW_CATEGORY_BRIDGE_AVAILABLE,FIELD_DICTIONARY_SUPPORTED,GENERIC_REVIEW_ASSEMBLY_REQUIRES_ENTITY_CONTAINER,NONE,工程指标valve_control.upstream_valve_chainage_km；组：阀室、隔离、监控与泄漏检测；要求：REQUIRED。
segment.valve_closure_time_s,关阀时间,segments.*.valve_closure_time_s,PROJECT_FACT,02_运行工况.csv,cell,s,s,IMPORTANT,deterministic,adaptive_evidence_qra|data_inventory|indicator_coverage,OMIT_AND_RECORD_GAP_NO_SILENT_ZERO,BLOCK_AND_REQUIRE_HUMAN_DECISION,true,number,MANY,FIELD_DICTIONARY|QRA_INPUT_SCHEMA,OPTIONAL_CONTRACT_FIELD,NONE,RAW_CATEGORY_BRIDGE_AVAILABLE,FIELD_DICTIONARY_SUPPORTED,GENERIC_REVIEW_ASSEMBLY_REQUIRES_ENTITY_CONTAINER,NONE,工程指标valve_control.valve_closure_time_s；组：阀室、隔离、监控与泄漏检测；要求：REQUIRED。
segment.wall_thickness_mm,名义壁厚,segments.*.wall_thickness_mm,PROJECT_FACT,01_管线与管段台账.xlsx,cell,mm,mm,BLOCKING,deterministic,adaptive_evidence_qra|aqt3046_source_term|data_inventory|gbt34346_annex_c|human_qra|indicator_coverage,BLOCK_NODE_AND_REQUEST_SOURCE,BLOCK_AND_REQUIRE_HUMAN_DECISION,true,number,MANY,FIELD_DICTIONARY|QRA_INPUT_SCHEMA|NODE_RUNTIME_REVIEW,EXPLICIT_REQUIRED|PREFLIGHT_OR_RUNTIME_REQUIRED,NONE,DETERMINISTIC_MAPPING_AVAILABLE,FIELD_DICTIONARY_SUPPORTED,GENERIC_REVIEW_ASSEMBLY_REQUIRES_ENTITY_CONTAINER,NONE,工程指标geometry_material.wall_thickness_mm；组：管道几何、材料与设计；要求：REQUIRED。
segment_correction_factor,管段修正因子,segment_correction_factor,MODEL_PARAMETER,parameter-pack:synthetic-frequency-correction-v1,system,,,BLOCKING,system,failure_frequency|human_qra,BLOCK_NODE_IF_VERSIONED_PARAMETER_PACK_MISSING,VERSIONED_PACK_SELECTION_ONLY,false,object,OPTIONAL_ONE,FIELD_DICTIONARY|QRA_INPUT_SCHEMA|NODE_RUNTIME_REVIEW,PREFLIGHT_OR_RUNTIME_REQUIRED|RUNTIME_REQUIRED_FOR_S00,NONE,NOT_APPLICABLE_SYSTEM_INJECTION,FIELD_DICTIONARY_SUPPORTED,GENERIC_REVIEW_ASSEMBLY_SUPPORTED,NONE,管段修正因子
standard_formula_test_parameters,standard_formula_test_parameters,standard_formula_test_parameters,MODEL_PARAMETER,parameter-pack:synthetic-consequence-parameters-v1,system,,,OPTIONAL,system,,BLOCK_NODE_IF_VERSIONED_PARAMETER_PACK_MISSING,VERSIONED_PACK_SELECTION_ONLY,false,object,OPTIONAL_ONE,QRA_INPUT_SCHEMA,OPTIONAL_CONTRACT_FIELD,NONE,NOT_APPLICABLE_SYSTEM_INJECTION,FIELD_DICTIONARY_GAP,PARAMETER_PACK_MERGE_REQUIRED,PARAMETER_PACK_MERGE_NOT_IMPLEMENTED,
standard_formula_test_parameters.aqt3046_physical_chain.ambient_pressure_pa_abs,环境绝对压力,standard_formula_test_parameters.aqt3046_physical_chain.ambient_pressure_pa_abs,MODEL_PARAMETER,parameter-pack:synthetic-consequence-parameters-v1,system,Pa,Pa,BLOCKING,system,adaptive_evidence_qra|aqt3046_source_term|data_inventory|human_qra|indicator_coverage,BLOCK_NODE_IF_VERSIONED_PARAMETER_PACK_MISSING,VERSIONED_PACK_SELECTION_ONLY,false,number,OPTIONAL_ONE,FIELD_DICTIONARY|NODE_RUNTIME_REVIEW,EXPLICIT_REQUIRED|PREFLIGHT_OR_RUNTIME_REQUIRED,NONE,NOT_APPLICABLE_SYSTEM_INJECTION,FIELD_DICTIONARY_SUPPORTED,GENERIC_REVIEW_ASSEMBLY_SUPPORTED,NONE,工程指标weather_terrain.ambient_pressure_pa；组：气象、地面条件与扩散环境；要求：REQUIRED。
standard_formula_test_parameters.aqt3046_physical_chain.ambient_temperature_k,环境温度,standard_formula_test_parameters.aqt3046_physical_chain.ambient_temperature_k,MODEL_PARAMETER,parameter-pack:synthetic-consequence-parameters-v1,system,K,K,BLOCKING,system,adaptive_evidence_qra|data_inventory|human_qra|indicator_coverage,BLOCK_NODE_IF_VERSIONED_PARAMETER_PACK_MISSING,VERSIONED_PACK_SELECTION_ONLY,false,number,OPTIONAL_ONE,FIELD_DICTIONARY|NODE_RUNTIME_REVIEW,PREFLIGHT_OR_RUNTIME_REQUIRED,FALLBACK=pipeline.operating_temperature_k; PARAMETER_PACK_VALUE_PREFERRED,NOT_APPLICABLE_SYSTEM_INJECTION,FIELD_DICTIONARY_SUPPORTED,GENERIC_REVIEW_ASSEMBLY_SUPPORTED,NONE,工程指标weather_terrain.ambient_temperature_k；组：气象、地面条件与扩散环境；要求：REQUIRED。
standard_formula_test_parameters.aqt3046_physical_chain.data_classification,后果参数数据分类,standard_formula_test_parameters.aqt3046_physical_chain.data_classification,MODEL_PARAMETER,parameter-pack:synthetic-consequence-parameters-v1,system,,,BLOCKING,system,human_qra,BLOCK_NODE_IF_VERSIONED_PARAMETER_PACK_MISSING,VERSIONED_PACK_SELECTION_ONLY,false,enum,OPTIONAL_ONE,NODE_RUNTIME_REVIEW,PREFLIGHT_OR_RUNTIME_REQUIRED,NONE,NOT_APPLICABLE_SYSTEM_INJECTION,FIELD_DICTIONARY_GAP,PARAMETER_PACK_MERGE_REQUIRED,PARAMETER_PACK_MERGE_NOT_IMPLEMENTED,
standard_formula_test_parameters.aqt3046_physical_chain.effective_release_height_m,有效释放高度,standard_formula_test_parameters.aqt3046_physical_chain.effective_release_height_m,MODEL_PARAMETER,parameter-pack:synthetic-consequence-parameters-v1,system,m,m,BLOCKING,system,adaptive_evidence_qra|data_inventory|human_qra|indicator_coverage,BLOCK_NODE_IF_VERSIONED_PARAMETER_PACK_MISSING,VERSIONED_PACK_SELECTION_ONLY,false,number,OPTIONAL_ONE,FIELD_DICTIONARY|NODE_RUNTIME_REVIEW,PREFLIGHT_OR_RUNTIME_REQUIRED,NONE,NOT_APPLICABLE_SYSTEM_INJECTION,FIELD_DICTIONARY_SUPPORTED,GENERIC_REVIEW_ASSEMBLY_SUPPORTED,NONE,工程指标consequence_parameters.effective_release_height_m；组：物性与人员后果模型参数；要求：REQUIRED。
standard_formula_test_parameters.aqt3046_physical_chain.gamma,气体绝热指数,standard_formula_test_parameters.aqt3046_physical_chain.gamma,MODEL_PARAMETER,parameter-pack:synthetic-consequence-parameters-v1,system,,,BLOCKING,system,adaptive_evidence_qra|aqt3046_source_term|data_inventory|human_qra|indicator_coverage,BLOCK_NODE_IF_VERSIONED_PARAMETER_PACK_MISSING,VERSIONED_PACK_SELECTION_ONLY,false,number,OPTIONAL_ONE,FIELD_DICTIONARY|NODE_RUNTIME_REVIEW,EXPLICIT_REQUIRED|PREFLIGHT_OR_RUNTIME_REQUIRED,NONE,NOT_APPLICABLE_SYSTEM_INJECTION,FIELD_DICTIONARY_SUPPORTED,GENERIC_REVIEW_ASSEMBLY_SUPPORTED,NONE,工程指标consequence_parameters.heat_capacity_ratio；组：物性与人员后果模型参数；要求：REQUIRED。
standard_formula_test_parameters.aqt3046_physical_chain.gas_discharge_coefficient,泄漏系数,standard_formula_test_parameters.aqt3046_physical_chain.gas_discharge_coefficient,MODEL_PARAMETER,parameter-pack:synthetic-consequence-parameters-v1,system,,,BLOCKING,system,adaptive_evidence_qra|aqt3046_source_term|data_inventory|human_qra|indicator_coverage,BLOCK_NODE_IF_VERSIONED_PARAMETER_PACK_MISSING,VERSIONED_PACK_SELECTION_ONLY,false,number,OPTIONAL_ONE,FIELD_DICTIONARY|NODE_RUNTIME_REVIEW,EXPLICIT_REQUIRED|PREFLIGHT_OR_RUNTIME_REQUIRED,NONE,NOT_APPLICABLE_SYSTEM_INJECTION,FIELD_DICTIONARY_SUPPORTED,GENERIC_REVIEW_ASSEMBLY_SUPPORTED,NONE,工程指标consequence_parameters.discharge_coefficient；组：物性与人员后果模型参数；要求：REQUIRED。
standard_formula_test_parameters.aqt3046_physical_chain.heat_of_combustion_j_kg,燃烧热,standard_formula_test_parameters.aqt3046_physical_chain.heat_of_combustion_j_kg,MODEL_PARAMETER,parameter-pack:synthetic-consequence-parameters-v1,system,J/kg,J/kg,BLOCKING,system,adaptive_evidence_qra|data_inventory|human_qra|indicator_coverage|jet_fire_thresholds,BLOCK_NODE_IF_VERSIONED_PARAMETER_PACK_MISSING,VERSIONED_PACK_SELECTION_ONLY,false,number,OPTIONAL_ONE,FIELD_DICTIONARY|NODE_RUNTIME_REVIEW,EXPLICIT_REQUIRED|PREFLIGHT_OR_RUNTIME_REQUIRED,NONE,NOT_APPLICABLE_SYSTEM_INJECTION,FIELD_DICTIONARY_SUPPORTED,GENERIC_REVIEW_ASSEMBLY_SUPPORTED,NONE,工程指标consequence_parameters.heat_of_combustion_j_kg；组：物性与人员后果模型参数；要求：REQUIRED。
standard_formula_test_parameters.aqt3046_physical_chain.ignition_model,物理链点火模型参数,standard_formula_test_parameters.aqt3046_physical_chain.ignition_model,MODEL_PARAMETER,parameter-pack:synthetic-consequence-parameters-v1,system,,,BLOCKING,system,human_qra,BLOCK_NODE_IF_VERSIONED_PARAMETER_PACK_MISSING,VERSIONED_PACK_SELECTION_ONLY,false,object,OPTIONAL_ONE,NODE_RUNTIME_REVIEW,PREFLIGHT_OR_RUNTIME_REQUIRED,NONE,NOT_APPLICABLE_SYSTEM_INJECTION,FIELD_DICTIONARY_GAP,PARAMETER_PACK_MERGE_REQUIRED,PARAMETER_PACK_MERGE_NOT_IMPLEMENTED,
standard_formula_test_parameters.aqt3046_physical_chain.ignition_model.material_reactivity_class,物质活性分类,standard_formula_test_parameters.aqt3046_physical_chain.ignition_model.material_reactivity_class,MODEL_PARAMETER,parameter-pack:synthetic-consequence-parameters-v1,system,,,IMPORTANT,system,adaptive_evidence_qra|data_inventory|indicator_coverage,BLOCK_NODE_IF_VERSIONED_PARAMETER_PACK_MISSING,VERSIONED_PACK_SELECTION_ONLY,false,string,OPTIONAL_ONE,FIELD_DICTIONARY,OPTIONAL_CONTRACT_FIELD,NONE,NOT_APPLICABLE_SYSTEM_INJECTION,FIELD_DICTIONARY_SUPPORTED,GENERIC_REVIEW_ASSEMBLY_SUPPORTED,NONE,工程指标ignition_congestion.material_reactivity_class；组：点火源、约束与拥塞；要求：REQUIRED。
standard_formula_test_parameters.aqt3046_physical_chain.jet_direction_mode,喷射火方向模式,standard_formula_test_parameters.aqt3046_physical_chain.jet_direction_mode,MODEL_PARAMETER,parameter-pack:synthetic-consequence-parameters-v1,system,,,BLOCKING,system,human_qra,BLOCK_NODE_IF_VERSIONED_PARAMETER_PACK_MISSING,VERSIONED_PACK_SELECTION_ONLY,false,enum,OPTIONAL_ONE,NODE_RUNTIME_REVIEW,PREFLIGHT_OR_RUNTIME_REQUIRED,NONE,NOT_APPLICABLE_SYSTEM_INJECTION,FIELD_DICTIONARY_GAP,PARAMETER_PACK_MERGE_REQUIRED,PARAMETER_PACK_MERGE_NOT_IMPLEMENTED,
standard_formula_test_parameters.aqt3046_physical_chain.lfl_volume_fraction,可燃下限体积分数,standard_formula_test_parameters.aqt3046_physical_chain.lfl_volume_fraction,MODEL_PARAMETER,parameter-pack:synthetic-consequence-parameters-v1,system,fraction,fraction,BLOCKING,system,adaptive_evidence_qra|data_inventory|human_qra|indicator_coverage,BLOCK_NODE_IF_VERSIONED_PARAMETER_PACK_MISSING,VERSIONED_PACK_SELECTION_ONLY,false,number,OPTIONAL_ONE,FIELD_DICTIONARY|NODE_RUNTIME_REVIEW,PREFLIGHT_OR_RUNTIME_REQUIRED,NONE,NOT_APPLICABLE_SYSTEM_INJECTION,FIELD_DICTIONARY_SUPPORTED,GENERIC_REVIEW_ASSEMBLY_SUPPORTED,NONE,工程指标consequence_parameters.lfl_volume_fraction；组：物性与人员后果模型参数；要求：REQUIRED。
standard_formula_test_parameters.aqt3046_physical_chain.minimum_effect_distance_m,最小效应距离,standard_formula_test_parameters.aqt3046_physical_chain.minimum_effect_distance_m,MODEL_PARAMETER,parameter-pack:synthetic-consequence-parameters-v1,system,m,m,BLOCKING,system,human_qra,BLOCK_NODE_IF_VERSIONED_PARAMETER_PACK_MISSING,VERSIONED_PACK_SELECTION_ONLY,false,number,OPTIONAL_ONE,NODE_RUNTIME_REVIEW,PREFLIGHT_OR_RUNTIME_REQUIRED,CURRENT_CODE_DEFAULT=1.0 m; PARAMETER_PACK_MUST_BE_EXPLICIT,NOT_APPLICABLE_SYSTEM_INJECTION,FIELD_DICTIONARY_GAP,PARAMETER_PACK_MERGE_REQUIRED,PARAMETER_PACK_MERGE_NOT_IMPLEMENTED,
standard_formula_test_parameters.aqt3046_physical_chain.minimum_rupture_flow_length_m,破裂流最小等效长度,standard_formula_test_parameters.aqt3046_physical_chain.minimum_rupture_flow_length_m,MODEL_PARAMETER,parameter-pack:synthetic-consequence-parameters-v1,system,m,m,BLOCKING,system,aqt3046_source_term|human_qra,BLOCK_NODE_IF_VERSIONED_PARAMETER_PACK_MISSING,VERSIONED_PACK_SELECTION_ONLY,false,number,OPTIONAL_ONE,NODE_RUNTIME_REVIEW,PREFLIGHT_OR_RUNTIME_REQUIRED|RUNTIME_REQUIRED_FOR_S00,CURRENT_CODE_DEFAULT=1.0 m; PARAMETER_PACK_MUST_BE_EXPLICIT,NOT_APPLICABLE_SYSTEM_INJECTION,FIELD_DICTIONARY_GAP,PARAMETER_PACK_MERGE_REQUIRED,PARAMETER_PACK_MERGE_NOT_IMPLEMENTED,
standard_formula_test_parameters.aqt3046_physical_chain.molar_mass_kg_mol,气体摩尔质量,standard_formula_test_parameters.aqt3046_physical_chain.molar_mass_kg_mol,MODEL_PARAMETER,parameter-pack:synthetic-consequence-parameters-v1,system,kg/mol,kg/mol,BLOCKING,system,adaptive_evidence_qra|aqt3046_source_term|data_inventory|human_qra|indicator_coverage,BLOCK_NODE_IF_VERSIONED_PARAMETER_PACK_MISSING,VERSIONED_PACK_SELECTION_ONLY,false,number,OPTIONAL_ONE,FIELD_DICTIONARY|NODE_RUNTIME_REVIEW,EXPLICIT_REQUIRED|PREFLIGHT_OR_RUNTIME_REQUIRED,NONE,NOT_APPLICABLE_SYSTEM_INJECTION,FIELD_DICTIONARY_SUPPORTED,GENERIC_REVIEW_ASSEMBLY_SUPPORTED,NONE,工程指标consequence_parameters.molar_mass_kg_mol；组：物性与人员后果模型参数；要求：REQUIRED。
standard_formula_test_parameters.aqt3046_physical_chain.operating_pressure_basis,运行压力基准,standard_formula_test_parameters.aqt3046_physical_chain.operating_pressure_basis,MODEL_PARAMETER,parameter-pack:synthetic-consequence-parameters-v1,system,,,BLOCKING,system,aqt3046_source_term|human_qra,BLOCK_NODE_IF_VERSIONED_PARAMETER_PACK_MISSING,VERSIONED_PACK_SELECTION_ONLY,false,enum,OPTIONAL_ONE,NODE_RUNTIME_REVIEW,PREFLIGHT_OR_RUNTIME_REQUIRED|RUNTIME_REQUIRED_FOR_S00,CURRENT_CODE_DEFAULT=gauge; PARAMETER_PACK_MUST_BE_EXPLICIT,NOT_APPLICABLE_SYSTEM_INJECTION,FIELD_DICTIONARY_GAP,PARAMETER_PACK_MERGE_REQUIRED,PARAMETER_PACK_MERGE_NOT_IMPLEMENTED,
standard_formula_test_parameters.aqt3046_physical_chain.pipe_absolute_roughness_mm,管内绝对粗糙度,standard_formula_test_parameters.aqt3046_physical_chain.pipe_absolute_roughness_mm,MODEL_PARAMETER,parameter-pack:synthetic-consequence-parameters-v1,system,mm,mm,BLOCKING,system,adaptive_evidence_qra|aqt3046_source_term|data_inventory|human_qra|indicator_coverage,BLOCK_NODE_IF_VERSIONED_PARAMETER_PACK_MISSING,VERSIONED_PACK_SELECTION_ONLY,false,number,OPTIONAL_ONE,FIELD_DICTIONARY|NODE_RUNTIME_REVIEW,EXPLICIT_REQUIRED|PREFLIGHT_OR_RUNTIME_REQUIRED,NONE,NOT_APPLICABLE_SYSTEM_INJECTION,FIELD_DICTIONARY_SUPPORTED,GENERIC_REVIEW_ASSEMBLY_SUPPORTED,NONE,工程指标consequence_parameters.pipe_absolute_roughness_mm；组：物性与人员后果模型参数；要求：REQUIRED。
standard_formula_test_parameters.aqt3046_physical_chain.radiative_fraction,热辐射分数,standard_formula_test_parameters.aqt3046_physical_chain.radiative_fraction,MODEL_PARAMETER,parameter-pack:synthetic-consequence-parameters-v1,system,fraction,fraction,BLOCKING,system,adaptive_evidence_qra|data_inventory|human_qra|indicator_coverage|jet_fire_thresholds,BLOCK_NODE_IF_VERSIONED_PARAMETER_PACK_MISSING,VERSIONED_PACK_SELECTION_ONLY,false,number,OPTIONAL_ONE,FIELD_DICTIONARY|NODE_RUNTIME_REVIEW,EXPLICIT_REQUIRED|PREFLIGHT_OR_RUNTIME_REQUIRED,NONE,NOT_APPLICABLE_SYSTEM_INJECTION,FIELD_DICTIONARY_SUPPORTED,GENERIC_REVIEW_ASSEMBLY_SUPPORTED,NONE,工程指标consequence_parameters.radiative_fraction；组：物性与人员后果模型参数；要求：REQUIRED。
standard_formula_test_parameters.aqt3046_physical_chain.segments,物理链逐段参数,standard_formula_test_parameters.aqt3046_physical_chain.segments,MODEL_PARAMETER,parameter-pack:synthetic-consequence-parameters-v1,system,,,BLOCKING,system,human_qra,BLOCK_NODE_IF_VERSIONED_PARAMETER_PACK_MISSING,VERSIONED_PACK_SELECTION_ONLY,false,object,OPTIONAL_ONE,NODE_RUNTIME_REVIEW,PREFLIGHT_OR_RUNTIME_REQUIRED,NONE,NOT_APPLICABLE_SYSTEM_INJECTION,FIELD_DICTIONARY_GAP,PARAMETER_PACK_MERGE_REQUIRED,PARAMETER_PACK_MERGE_NOT_IMPLEMENTED,
standard_formula_test_parameters.aqt3046_physical_chain.segments.item.explosion_source_volume_m3,逐段爆炸源体积,standard_formula_test_parameters.aqt3046_physical_chain.segments.*.explosion_source_volume_m3,MODEL_PARAMETER,parameter-pack:synthetic-consequence-parameters-v1,system,m3,m3,BLOCKING,system,human_qra,BLOCK_NODE_IF_VERSIONED_PARAMETER_PACK_MISSING,VERSIONED_PACK_SELECTION_ONLY,false,number,MANY,NODE_RUNTIME_REVIEW,PREFLIGHT_OR_RUNTIME_REQUIRED,NONE,NOT_APPLICABLE_SYSTEM_INJECTION,FIELD_DICTIONARY_GAP,PARAMETER_PACK_MERGE_REQUIRED,PARAMETER_PACK_MERGE_NOT_IMPLEMENTED,
standard_formula_test_parameters.aqt3046_physical_chain.segments.item.terrain,逐段地形类型,standard_formula_test_parameters.aqt3046_physical_chain.segments.*.terrain,MODEL_PARAMETER,parameter-pack:synthetic-consequence-parameters-v1,system,,,BLOCKING,system,human_qra,BLOCK_NODE_IF_VERSIONED_PARAMETER_PACK_MISSING,VERSIONED_PACK_SELECTION_ONLY,false,enum,MANY,NODE_RUNTIME_REVIEW,PREFLIGHT_OR_RUNTIME_REQUIRED,NONE,NOT_APPLICABLE_SYSTEM_INJECTION,FIELD_DICTIONARY_GAP,PARAMETER_PACK_MERGE_REQUIRED,PARAMETER_PACK_MERGE_NOT_IMPLEMENTED,
standard_formula_test_parameters.aqt3046_physical_chain.segments.item.tno_source_strength,逐段TNO源强,standard_formula_test_parameters.aqt3046_physical_chain.segments.*.tno_source_strength,MODEL_PARAMETER,parameter-pack:synthetic-consequence-parameters-v1,system,,,BLOCKING,system,human_qra,BLOCK_NODE_IF_VERSIONED_PARAMETER_PACK_MISSING,VERSIONED_PACK_SELECTION_ONLY,false,integer,MANY,NODE_RUNTIME_REVIEW,PREFLIGHT_OR_RUNTIME_REQUIRED,NONE,NOT_APPLICABLE_SYSTEM_INJECTION,FIELD_DICTIONARY_GAP,PARAMETER_PACK_MERGE_REQUIRED,PARAMETER_PACK_MERGE_NOT_IMPLEMENTED,
standard_formula_test_parameters.aqt3046_physical_chain.thermal_exposure_time_s,热辐射暴露时间,standard_formula_test_parameters.aqt3046_physical_chain.thermal_exposure_time_s,MODEL_PARAMETER,parameter-pack:synthetic-consequence-parameters-v1,system,s,s,BLOCKING,system,adaptive_evidence_qra|data_inventory|human_qra|indicator_coverage,BLOCK_NODE_IF_VERSIONED_PARAMETER_PACK_MISSING,VERSIONED_PACK_SELECTION_ONLY,false,number,OPTIONAL_ONE,FIELD_DICTIONARY|NODE_RUNTIME_REVIEW,PREFLIGHT_OR_RUNTIME_REQUIRED,NONE,NOT_APPLICABLE_SYSTEM_INJECTION,FIELD_DICTIONARY_SUPPORTED,GENERIC_REVIEW_ASSEMBLY_SUPPORTED,NONE,工程指标consequence_parameters.thermal_exposure_time_s；组：物性与人员后果模型参数；要求：REQUIRED。
standard_formula_test_parameters.gbt34346_annex_c.ambient_pressure_pa_abs,附录C环境绝压,standard_formula_test_parameters.gbt34346_annex_c.ambient_pressure_pa_abs,MODEL_PARAMETER,parameter-pack:synthetic-consequence-parameters-v1,system,Pa_abs,Pa_abs,BLOCKING,system,gbt34346_annex_c,BLOCK_NODE_IF_VERSIONED_PARAMETER_PACK_MISSING,VERSIONED_PACK_SELECTION_ONLY,false,number,OPTIONAL_ONE,NODE_RUNTIME_REVIEW,PREFLIGHT_REQUIRED,NONE,NOT_APPLICABLE_SYSTEM_INJECTION,FIELD_DICTIONARY_GAP,PARAMETER_PACK_MERGE_REQUIRED,PARAMETER_PACK_MERGE_NOT_IMPLEMENTED,
standard_formula_test_parameters.gbt34346_annex_c.data_classification,附录C参数数据分类,standard_formula_test_parameters.gbt34346_annex_c.data_classification,MODEL_PARAMETER,parameter-pack:synthetic-consequence-parameters-v1,system,,,BLOCKING,system,gbt34346_annex_c,BLOCK_NODE_IF_VERSIONED_PARAMETER_PACK_MISSING,VERSIONED_PACK_SELECTION_ONLY,false,enum,OPTIONAL_ONE,NODE_RUNTIME_REVIEW,PREFLIGHT_REQUIRED,NONE,NOT_APPLICABLE_SYSTEM_INJECTION,FIELD_DICTIONARY_GAP,PARAMETER_PACK_MERGE_REQUIRED,PARAMETER_PACK_MERGE_NOT_IMPLEMENTED,
standard_formula_test_parameters.gbt34346_annex_c.fatal_heat_flux_threshold_kw_m2,附录C致死热通量阈值,standard_formula_test_parameters.gbt34346_annex_c.fatal_heat_flux_threshold_kw_m2,MODEL_PARAMETER,parameter-pack:synthetic-consequence-parameters-v1,system,kW/m2,kW/m2,BLOCKING,system,gbt34346_annex_c,BLOCK_NODE_IF_VERSIONED_PARAMETER_PACK_MISSING,VERSIONED_PACK_SELECTION_ONLY,false,number,OPTIONAL_ONE,NODE_RUNTIME_REVIEW,PREFLIGHT_REQUIRED,NONE,NOT_APPLICABLE_SYSTEM_INJECTION,FIELD_DICTIONARY_GAP,PARAMETER_PACK_MERGE_REQUIRED,PARAMETER_PACK_MERGE_NOT_IMPLEMENTED,
standard_formula_test_parameters.gbt34346_annex_c.gamma,附录C绝热指数,standard_formula_test_parameters.gbt34346_annex_c.gamma,MODEL_PARAMETER,parameter-pack:synthetic-consequence-parameters-v1,system,,,BLOCKING,system,gbt34346_annex_c,BLOCK_NODE_IF_VERSIONED_PARAMETER_PACK_MISSING,VERSIONED_PACK_SELECTION_ONLY,false,number,OPTIONAL_ONE,NODE_RUNTIME_REVIEW,PREFLIGHT_REQUIRED,NONE,NOT_APPLICABLE_SYSTEM_INJECTION,FIELD_DICTIONARY_GAP,PARAMETER_PACK_MERGE_REQUIRED,PARAMETER_PACK_MERGE_NOT_IMPLEMENTED,
standard_formula_test_parameters.gbt34346_annex_c.gas_discharge_coefficient_c13,附录C气体泄放系数C.13,standard_formula_test_parameters.gbt34346_annex_c.gas_discharge_coefficient_c13,MODEL_PARAMETER,parameter-pack:synthetic-consequence-parameters-v1,system,,,BLOCKING,system,gbt34346_annex_c,BLOCK_NODE_IF_VERSIONED_PARAMETER_PACK_MISSING,VERSIONED_PACK_SELECTION_ONLY,false,number,OPTIONAL_ONE,NODE_RUNTIME_REVIEW,PREFLIGHT_REQUIRED,NONE,NOT_APPLICABLE_SYSTEM_INJECTION,FIELD_DICTIONARY_GAP,PARAMETER_PACK_MERGE_REQUIRED,PARAMETER_PACK_MERGE_NOT_IMPLEMENTED,
standard_formula_test_parameters.gbt34346_annex_c.heat_of_combustion_j_kg,附录C燃烧热,standard_formula_test_parameters.gbt34346_annex_c.heat_of_combustion_j_kg,MODEL_PARAMETER,parameter-pack:synthetic-consequence-parameters-v1,system,J/kg,J/kg,BLOCKING,system,gbt34346_annex_c,BLOCK_NODE_IF_VERSIONED_PARAMETER_PACK_MISSING,VERSIONED_PACK_SELECTION_ONLY,false,number,OPTIONAL_ONE,NODE_RUNTIME_REVIEW,PREFLIGHT_REQUIRED,NONE,NOT_APPLICABLE_SYSTEM_INJECTION,FIELD_DICTIONARY_GAP,PARAMETER_PACK_MERGE_REQUIRED,PARAMETER_PACK_MERGE_NOT_IMPLEMENTED,
standard_formula_test_parameters.gbt34346_annex_c.molar_mass_kg_mol,附录C摩尔质量,standard_formula_test_parameters.gbt34346_annex_c.molar_mass_kg_mol,MODEL_PARAMETER,parameter-pack:synthetic-consequence-parameters-v1,system,kg/mol,kg/mol,BLOCKING,system,gbt34346_annex_c,BLOCK_NODE_IF_VERSIONED_PARAMETER_PACK_MISSING,VERSIONED_PACK_SELECTION_ONLY,false,number,OPTIONAL_ONE,NODE_RUNTIME_REVIEW,PREFLIGHT_REQUIRED,NONE,NOT_APPLICABLE_SYSTEM_INJECTION,FIELD_DICTIONARY_GAP,PARAMETER_PACK_MERGE_REQUIRED,PARAMETER_PACK_MERGE_NOT_IMPLEMENTED,
standard_formula_test_parameters.gbt34346_annex_c.operating_pressure_basis,附录C运行压力基准,standard_formula_test_parameters.gbt34346_annex_c.operating_pressure_basis,MODEL_PARAMETER,parameter-pack:synthetic-consequence-parameters-v1,system,,,BLOCKING,system,gbt34346_annex_c,BLOCK_NODE_IF_VERSIONED_PARAMETER_PACK_MISSING,VERSIONED_PACK_SELECTION_ONLY,false,enum,OPTIONAL_ONE,NODE_RUNTIME_REVIEW,PREFLIGHT_REQUIRED,NONE,NOT_APPLICABLE_SYSTEM_INJECTION,FIELD_DICTIONARY_GAP,PARAMETER_PACK_MERGE_REQUIRED,PARAMETER_PACK_MERGE_NOT_IMPLEMENTED,
standard_formula_test_parameters.gbt34346_annex_c.radiative_fraction,附录C辐射分数,standard_formula_test_parameters.gbt34346_annex_c.radiative_fraction,MODEL_PARAMETER,parameter-pack:synthetic-consequence-parameters-v1,system,fraction,fraction,BLOCKING,system,gbt34346_annex_c,BLOCK_NODE_IF_VERSIONED_PARAMETER_PACK_MISSING,VERSIONED_PACK_SELECTION_ONLY,false,number,OPTIONAL_ONE,NODE_RUNTIME_REVIEW,PREFLIGHT_REQUIRED,NONE,NOT_APPLICABLE_SYSTEM_INJECTION,FIELD_DICTIONARY_GAP,PARAMETER_PACK_MERGE_REQUIRED,PARAMETER_PACK_MERGE_NOT_IMPLEMENTED,
standard_formula_test_parameters.gbt34346_annex_c.segments,附录C逐段参数,standard_formula_test_parameters.gbt34346_annex_c.segments,MODEL_PARAMETER,parameter-pack:synthetic-consequence-parameters-v1,system,,,BLOCKING,system,gbt34346_annex_c,BLOCK_NODE_IF_VERSIONED_PARAMETER_PACK_MISSING,VERSIONED_PACK_SELECTION_ONLY,false,object,OPTIONAL_ONE,FIELD_DICTIONARY|NODE_RUNTIME_REVIEW,PREFLIGHT_REQUIRED,NONE,NOT_APPLICABLE_SYSTEM_INJECTION,FIELD_DICTIONARY_SUPPORTED,GENERIC_REVIEW_ASSEMBLY_SUPPORTED,NONE,附录C逐段参数
standard_formula_test_parameters.gbt34346_annex_c.segments.item.damage_component_factors,逐段损伤分量因子,standard_formula_test_parameters.gbt34346_annex_c.segments.*.damage_component_factors,MODEL_PARAMETER,parameter-pack:synthetic-consequence-parameters-v1,system,,,BLOCKING,system,gbt34346_annex_c,BLOCK_NODE_IF_VERSIONED_PARAMETER_PACK_MISSING,VERSIONED_PACK_SELECTION_ONLY,false,object,MANY,NODE_RUNTIME_REVIEW,PREFLIGHT_REQUIRED,NONE,NOT_APPLICABLE_SYSTEM_INJECTION,FIELD_DICTIONARY_GAP,PARAMETER_PACK_MERGE_REQUIRED,PARAMETER_PACK_MERGE_NOT_IMPLEMENTED,
standard_formula_test_parameters.gbt34346_annex_c.segments.item.damage_component_weights,逐段损伤分量权重,standard_formula_test_parameters.gbt34346_annex_c.segments.*.damage_component_weights,MODEL_PARAMETER,parameter-pack:synthetic-consequence-parameters-v1,system,,,BLOCKING,system,gbt34346_annex_c,BLOCK_NODE_IF_VERSIONED_PARAMETER_PACK_MISSING,VERSIONED_PACK_SELECTION_ONLY,false,object,MANY,NODE_RUNTIME_REVIEW,PREFLIGHT_REQUIRED,NONE,NOT_APPLICABLE_SYSTEM_INJECTION,FIELD_DICTIONARY_GAP,PARAMETER_PACK_MERGE_REQUIRED,PARAMETER_PACK_MERGE_NOT_IMPLEMENTED,
standard_formula_test_parameters.gbt34346_annex_c.segments.item.management_scores_c3_to_c8,逐段管理评分C.3-C.8,standard_formula_test_parameters.gbt34346_annex_c.segments.*.management_scores_c3_to_c8,MODEL_PARAMETER,parameter-pack:synthetic-consequence-parameters-v1,system,,,BLOCKING,system,gbt34346_annex_c,BLOCK_NODE_IF_VERSIONED_PARAMETER_PACK_MISSING,VERSIONED_PACK_SELECTION_ONLY,false,object,MANY,NODE_RUNTIME_REVIEW,PREFLIGHT_REQUIRED,NONE,NOT_APPLICABLE_SYSTEM_INJECTION,FIELD_DICTIONARY_GAP,PARAMETER_PACK_MERGE_REQUIRED,PARAMETER_PACK_MERGE_NOT_IMPLEMENTED,
standard_formula_test_parameters.gbt34346_annex_c.segments.item.point_ignition_probability,逐段点火概率,standard_formula_test_parameters.gbt34346_annex_c.segments.*.point_ignition_probability,MODEL_PARAMETER,parameter-pack:synthetic-consequence-parameters-v1,system,fraction,fraction,BLOCKING,system,gbt34346_annex_c,BLOCK_NODE_IF_VERSIONED_PARAMETER_PACK_MISSING,VERSIONED_PACK_SELECTION_ONLY,false,number,MANY,NODE_RUNTIME_REVIEW,PREFLIGHT_REQUIRED,NONE,NOT_APPLICABLE_SYSTEM_INJECTION,FIELD_DICTIONARY_GAP,PARAMETER_PACK_MERGE_REQUIRED,PARAMETER_PACK_MERGE_NOT_IMPLEMENTED,
standard_formula_test_parameters.gbt34346_annex_c.segments.item.population_density_per_m2,逐段人口密度,standard_formula_test_parameters.gbt34346_annex_c.segments.*.population_density_per_m2,MODEL_PARAMETER,parameter-pack:synthetic-consequence-parameters-v1,system,person/m2,person/m2,BLOCKING,system,gbt34346_annex_c,BLOCK_NODE_IF_VERSIONED_PARAMETER_PACK_MISSING,VERSIONED_PACK_SELECTION_ONLY,false,number,MANY,NODE_RUNTIME_REVIEW,PREFLIGHT_REQUIRED,NONE,NOT_APPLICABLE_SYSTEM_INJECTION,FIELD_DICTIONARY_GAP,PARAMETER_PACK_MERGE_REQUIRED,PARAMETER_PACK_MERGE_NOT_IMPLEMENTED,
system_parameters.adaptive_evidence_qra,自适应证据风险模型参数,system_parameters.adaptive_evidence_qra,MODEL_PARAMETER,parameter-pack:synthetic-consequence-parameters-v1,system,,,BLOCKING,system,adaptive_evidence_qra,BLOCK_NODE_IF_VERSIONED_PARAMETER_PACK_MISSING,VERSIONED_PACK_SELECTION_ONLY,false,object,OPTIONAL_ONE,NODE_RUNTIME_REVIEW,MODEL_SPEC_REQUIRED,VERSIONED_MODEL_SPEC_PRIOR,NOT_APPLICABLE_SYSTEM_INJECTION,FIELD_DICTIONARY_GAP,PARAMETER_PACK_MERGE_REQUIRED,PARAMETER_PACK_MERGE_NOT_IMPLEMENTED,
validation_expectations,测试校验预期,validation_expectations,MODEL_PARAMETER,parameter-pack:synthetic-model-validation-fixture-v1,system,,,OPTIONAL,system,,BLOCK_NODE_IF_VERSIONED_PARAMETER_PACK_MISSING,VERSIONED_PACK_SELECTION_ONLY,false,object,OPTIONAL_ONE,FIELD_DICTIONARY|QRA_INPUT_SCHEMA,OPTIONAL_CONTRACT_FIELD,NONE,NOT_APPLICABLE_SYSTEM_INJECTION,FIELD_DICTIONARY_SUPPORTED,GENERIC_REVIEW_ASSEMBLY_SUPPORTED,NONE,仅用于合成测试和模型验证，不得作为客户资料抽取目标。
weather_case.probability,气象联合概率,weather_joint_probability.*.probability,PROJECT_FACT,08_气象联合概率.csv,cell,,,BLOCKING,deterministic,adaptive_evidence_qra|data_inventory|human_qra|indicator_coverage,BLOCK_NODE_AND_REQUEST_SOURCE,BLOCK_AND_REQUIRE_HUMAN_DECISION,true,number,MANY,FIELD_DICTIONARY|NODE_RUNTIME_REVIEW,PREFLIGHT_OR_RUNTIME_REQUIRED,NONE,NOT_MAPPED,FIELD_DICTIONARY_SUPPORTED,GENERIC_REVIEW_ASSEMBLY_REQUIRES_ENTITY_CONTAINER,DETERMINISTIC_MAPPING_GAP,工程指标weather_terrain.weather_probability；组：气象、地面条件与扩散环境；要求：REQUIRED。
weather_case.stability_class,大气稳定度,weather_joint_probability.*.stability_class,PROJECT_FACT,08_气象联合概率.csv,cell,,,BLOCKING,deterministic,adaptive_evidence_qra|data_inventory|human_qra|indicator_coverage,BLOCK_NODE_AND_REQUEST_SOURCE,BLOCK_AND_REQUIRE_HUMAN_DECISION,true,string,MANY,FIELD_DICTIONARY|NODE_RUNTIME_REVIEW,PREFLIGHT_OR_RUNTIME_REQUIRED,NONE,NOT_MAPPED,FIELD_DICTIONARY_SUPPORTED,GENERIC_REVIEW_ASSEMBLY_REQUIRES_ENTITY_CONTAINER,DETERMINISTIC_MAPPING_GAP,工程指标weather_terrain.stability_class；组：气象、地面条件与扩散环境；要求：REQUIRED。
weather_case.time_period,昼夜时段,weather_joint_probability.*.time_period,PROJECT_FACT,08_气象联合概率.csv,cell,,,BLOCKING,deterministic,data_inventory|human_qra,BLOCK_NODE_AND_REQUEST_SOURCE,BLOCK_AND_REQUIRE_HUMAN_DECISION,true,enum,MANY,FIELD_DICTIONARY|NODE_RUNTIME_REVIEW,PREFLIGHT_OR_RUNTIME_REQUIRED,NONE,NOT_MAPPED,FIELD_DICTIONARY_SUPPORTED,GENERIC_REVIEW_ASSEMBLY_REQUIRES_ENTITY_CONTAINER,DETERMINISTIC_MAPPING_GAP,昼夜时段
weather_case.weather_id,气象工况编号,weather_joint_probability.*.weather_id,PROJECT_FACT,08_气象联合概率.csv,cell,,,BLOCKING,deterministic,data_inventory|human_qra,BLOCK_NODE_AND_REQUEST_SOURCE,BLOCK_AND_REQUIRE_HUMAN_DECISION,true,string,MANY,FIELD_DICTIONARY|NODE_RUNTIME_REVIEW,PREFLIGHT_OR_RUNTIME_REQUIRED,NONE,NOT_MAPPED,FIELD_DICTIONARY_SUPPORTED,GENERIC_REVIEW_ASSEMBLY_REQUIRES_ENTITY_CONTAINER,DETERMINISTIC_MAPPING_GAP,气象工况编号
weather_case.wind_direction_from,风向,weather_joint_probability.*.wind_direction_from,PROJECT_FACT,08_气象联合概率.csv,cell,,,BLOCKING,deterministic,adaptive_evidence_qra|data_inventory|human_qra|indicator_coverage,BLOCK_NODE_AND_REQUEST_SOURCE,BLOCK_AND_REQUIRE_HUMAN_DECISION,true,string,MANY,FIELD_DICTIONARY|NODE_RUNTIME_REVIEW,PREFLIGHT_OR_RUNTIME_REQUIRED,NONE,NOT_MAPPED,FIELD_DICTIONARY_SUPPORTED,GENERIC_REVIEW_ASSEMBLY_REQUIRES_ENTITY_CONTAINER,DETERMINISTIC_MAPPING_GAP,工程指标weather_terrain.wind_direction；组：气象、地面条件与扩散环境；要求：REQUIRED。
weather_case.wind_speed_m_s,风速,weather_joint_probability.*.wind_speed_m_s,PROJECT_FACT,08_气象联合概率.csv,cell,m/s,m/s,BLOCKING,deterministic,adaptive_evidence_qra|data_inventory|human_qra|indicator_coverage,BLOCK_NODE_AND_REQUEST_SOURCE,BLOCK_AND_REQUIRE_HUMAN_DECISION,true,number,MANY,FIELD_DICTIONARY|NODE_RUNTIME_REVIEW,PREFLIGHT_OR_RUNTIME_REQUIRED,NONE,NOT_MAPPED,FIELD_DICTIONARY_SUPPORTED,GENERIC_REVIEW_ASSEMBLY_REQUIRES_ENTITY_CONTAINER,DETERMINISTIC_MAPPING_GAP,工程指标weather_terrain.wind_speed_m_s；组：气象、地面条件与扩散环境；要求：REQUIRED。
weather_joint_probability,weather_joint_probability,weather_joint_probability,PROJECT_FACT,08_气象联合概率.csv,cell,,,IMPORTANT,deterministic,data_inventory,OMIT_AND_RECORD_GAP_NO_SILENT_ZERO,BLOCK_AND_REQUIRE_HUMAN_DECISION,true,array,OPTIONAL_ONE,QRA_INPUT_SCHEMA,OPTIONAL_CONTRACT_FIELD,NONE,NOT_MAPPED,FIELD_DICTIONARY_GAP,REVIEW_ASSEMBLY_GAP,DETERMINISTIC_MAPPING_GAP|EXTRACTION_SCHEMA_GAP|REVIEW_ASSEMBLY_GAP,
